Episode,Score
0,-145.6011046
1,-146.6927065
2,-145.2719444
3,-147.5333692
4,-150
5,-148.0689668
6,-148.6277296
7,-147.313366
8,-145.3749312
9,-146.937877
10,-145.2836595
11,-147.0913518
12,-148.5701397
13,-146.0131422
14,-144.0380153
15,-141.5604417
16,-139.3949912
17,-138.2849025
18,-134.8304945
19,-133.7630921
20,-130.6684844
21,-129.6658987
22,-129.6056233
23,-127.5495388
24,-127.7071539
25,-128.4064109
26,-128.6987851
27,-130.6850158
28,-134.3468406
29,-131.5999152
30,-135.5963852
31,-134.0757553
32,-133.8599603
33,-133.8051685
34,-134.0290253
35,-133.0008723
36,-132.4721844
37,-132.6026046
38,-130.7770609
39,-128.90893
40,-127.8607406
41,-127.72469
42,-124.355872
43,-120.8740292
44,-120.6995147
45,-119.4252405
46,-118.1353628
47,-119.6903896
48,-118.0877192
49,-118.1677379
50,-120.7987884
51,-120.5674097
52,-117.1993917
53,-116.3902143
54,-116.7863065
55,-119.0226923
56,-121.0255547
57,-117.1781592
58,-117.2913598
59,-114.0575119
60,-114.3286049
61,-114.409554
62,-113.9398518
63,-112.7330654
64,-115.7295831
65,-114.540695
66,-115.0163861
67,-113.3078717
68,-109.827124
69,-110.0400752
70,-107.7809385
71,-108.1548457
72,-106.507178
73,-103.8864937
74,-105.7153546
75,-103.3795877
76,-106.3306544
77,-107.3300732
78,-107.9971209
79,-103.865048
80,-103.8590922
81,-103.5245007
82,-101.9532596
83,-102.4587613
84,-102.6567888
85,-101.1271674
86,-100.2303758
87,-103.7132802
88,-104.7584005
89,-107.5392863
90,-108.7532905
91,-110.268781
92,-112.529423
93,-113.7312627
94,-113.6709884
95,-114.5833441
96,-116.2718689
97,-113.368478
98,-116.3197223
99,-115.1525659
100,-116.9612264
101,-120.3297467
102,-119.4561631
103,-124.086597
104,-119.7012882
105,-122.6187464
106,-118.7244415
107,-117.16124
108,-117.8164902
109,-120.0584022
110,-121.2511427
111,-121.7774536
112,-119.2708842
113,-116.5983383
114,-115.647141
115,-114.8646396
116,-115.7593811
117,-113.4656389
118,-110.329885
119,-109.4023078
120,-110.4486149
121,-113.1086718
122,-117.1700991
123,-117.1073552
124,-121.3181335
125,-123.3368847
126,-125.1805095
127,-123.7792467
128,-125.2311852
129,-126.5290073
130,-131.6720385
131,-130.144117
132,-135.0073795
133,-132.3989156
134,-131.729
135,-136.4830297
136,-136.2032495
137,-138.5675504
138,-138.280385
139,-139.4901296
140,-137.4655946
141,-137.1927017
142,-138.8433326
143,-139.2134891
144,-136.6778437
145,-137.1092243
146,-133.3852773
147,-134.0181896
148,-134.1426232
149,-137.9329623
150,-135.5217369
151,-134.2238208
152,-133.0386832
153,-134.9305687
154,-135.5171884
155,-134.5073588
156,-130.2634485
157,-131.4798873
158,-130.4561633
159,-132.7756051
160,-135.6863392
161,-138.1374971
162,-140.1714112
163,-139.3998715
164,-141.8968379
165,-140.2421458
166,-143.2991683
167,-141.5725094
168,-142.1861124
169,-139.7314112
170,-138.3138129
171,-137.1704234
172,-134.9846079
173,-133.0774139
174,-131.9615157
175,-132.8076216
176,-135.0180973
177,-138.2504839
178,-137.7492755
179,-136.1933943
180,-134.1473389
181,-132.9720927
182,-132.2754952
183,-132.6148756
184,-133.659997
185,-130.2025646
186,-130.8407014
187,-130.8534732
188,-131.9422734
189,-129.9677075
190,-132.2693283
191,-132.2396837
192,-135.6543199
193,-133.9060627
194,-130.1298264
195,-129.2393745
196,-126.844663
197,-125.4928091
198,-128.9402794
199,-126.3279105
200,-126.4705027
201,-124.9320843
202,-126.9522153
203,-124.1015211
204,-124.1890879
205,-122.0946438
206,-121.8534024
207,-124.1289031
208,-128.0971243
209,-126.4525856
210,-127.1293803
211,-129.7907438
212,-132.9901606
213,-132.2306823
214,-129.645316
215,-134.0003676
216,-135.7194246
217,-134.5589521
218,-134.7606554
219,-136.1454594
220,-134.333453
221,-134.8873782
222,-136.2036074
223,-136.9465399
224,-136.0443318
225,-135.5931315
226,-134.6886114
227,-136.1329969
228,-135.2163895
229,-135.1662966
230,-134.0838813
231,-135.9798754
232,-132.6708815
233,-130.1180218
234,-131.2274348
235,-129.7260183
236,-132.8263535
237,-137.6167322
238,-138.9521819
239,-139.2614218
240,-140.9304085
241,-140.229968
242,-141.0363484
243,-142.6676863
244,-138.6233533
245,-135.2611951
246,-132.3104662
247,-129.663579
248,-133.1122319
249,-130.6080097
250,-131.5471705
251,-129.1281328
252,-126.8804839
253,-124.6928387
254,-119.1198819
255,-117.7287544
256,-117.8246208
257,-120.0397136
258,-120.3549764
259,-117.4346479
260,-118.3917281
261,-114.3722375
262,-114.1979744
263,-116.4375088
264,-117.6235478
265,-114.7913312
266,-113.0152851
267,-112.5849743
268,-112.0755293
269,-115.2989235
270,-116.3407797
271,-114.9511499
272,-112.6278257
273,-111.1632376
274,-110.1694051
275,-111.7881019
276,-110.2388079
277,-112.2039164
278,-114.0156551
279,-113.117555
280,-113.3333961
281,-111.5353773
282,-106.6311904
283,-107.8950451
284,-110.2304067
285,-107.7146171
286,-105.5859051
287,-102.589072
288,-103.2033044
289,-100.7592902
290,-98.44682268
291,-101.6122507
292,-99.55295449
293,-103.0538513
294,-104.8222678
295,-107.4207921
296,-105.376643
297,-106.3793503
298,-107.1606677
299,-108.2338935
300,-110.6535345
301,-109.5407152
302,-109.6605868
303,-106.5467009
304,-109.7794383
305,-110.5789366
306,-110.1676725
307,-107.0878928
308,-103.7526055
309,-106.6509365
310,-107.6940261
311,-103.4257923
312,-101.2945428
313,-97.64811755
314,-97.65003515
315,-97.5148077
316,-96.2950397
317,-97.74855649
318,-99.09759892
319,-99.22359512
320,-100.1140283
321,-106.0413639
322,-109.5241588
323,-111.3121786
324,-109.5422526
325,-110.6859657
326,-108.753619
327,-111.7034748
328,-109.1824619
329,-109.6097286
330,-113.005649
331,-113.7074335
332,-112.2017799
333,-111.0094731
334,-109.9557642
335,-110.6132126
336,-113.2183313
337,-113.3887295
338,-115.5758653
339,-115.2257653
340,-116.94841
341,-115.2883856
342,-114.7310207
343,-113.0799589
344,-118.0483029
345,-119.298421
346,-121.4534775
347,-121.3210525
348,-119.0293097
349,-117.9430857
350,-118.6015648
351,-121.5802517
352,-119.965413
353,-117.2627491
354,-120.4164386
355,-119.5840403
356,-121.1239909
357,-119.9137281
358,-119.2254005
359,-119.4119772
360,-118.8414992
361,-123.232366
362,-122.4639499
363,-124.3406783
364,-126.506709
365,-128.091592
366,-125.6276632
367,-123.5987335
368,-118.1055602
369,-118.9278519
370,-121.1342945
371,-123.4854664
372,-122.5710514
373,-126.3384472
374,-124.7725657
375,-122.0869269
376,-121.5047098
377,-124.2263564
378,-120.4377157
379,-121.0799362
380,-122.6879125
381,-125.9298639
382,-126.7436756
383,-127.6679282
384,-129.7169476
385,-128.5419119
386,-125.2999119
387,-127.8468117
388,-125.17379
389,-124.4038136
390,-126.5958257
391,-126.9918303
392,-125.8501204
393,-125.9644174
394,-129.8366992
395,-130.808745
396,-129.8920844
397,-132.7365253
398,-135.0204646
399,-136.856891
400,-134.2668054
401,-136.3865337
402,-139.1329987
403,-138.1564739
404,-137.8088409
405,-140.7211667
406,-141.6442793
407,-143.0455074
408,-145.4077458
409,-142.4468213
410,-146.1322373
411,-148.4543867
412,-144.2185651
413,-147.1393297
414,-145.9896619
415,-149.3263947
416,-149.851075
417,-146.0152019
418,-144.2517899
419,-142.5446375
420,-143.5931866
421,-141.5471233
422,-141.3100692
423,-141.0849789
424,-138.5727161
425,-141.779406
426,-139.8020366
427,-137.2909007
428,-141.4989188
429,-141.6815479
430,-141.8499664
431,-139.0249194
432,-139.8510042
433,-140.1596715
434,-138.5103068
435,-135.8283711
436,-135.2780143
437,-135.8123154
438,-136.0474862
439,-138.0823964
440,-139.5615156
441,-142.043945
442,-138.0509695
443,-139.7379331
444,-142.6322171
445,-142.204293
446,-140.5075434
447,-140.8789901
448,-141.3846956
449,-137.0965414
450,-135.1258702
451,-135.9293085
452,-134.5698097
453,-133.0349566
454,-134.764101
455,-131.7255991
456,-130.2316865
457,-130.5824744
458,-132.7416364
459,-133.9528826
460,-133.6576157
461,-133.3315562
462,-136.092908
463,-135.076427
464,-134.0448588
465,-133.0720053
466,-130.4781818
467,-129.4491696
468,-128.8559776
469,-131.5943318
470,-132.8451263
471,-132.5074932
472,-133.3794224
473,-131.8975884
474,-130.625237
475,-130.3414216
476,-132.8326155
477,-130.4435586
478,-130.0956465
479,-131.4318111
480,-134.7380224
481,-134.2298232
482,-132.8476666
483,-128.6092218
484,-126.9515742
485,-125.9657407
486,-127.1398184
487,-126.216858
488,-122.3929632
489,-123.2407313
490,-122.7027229
491,-120.4882601
492,-119.4230126
493,-120.9123516
494,-117.9970628
495,-114.8424024
496,-113.5805858
497,-111.439048
498,-113.3194406
499,-113.567922
500,-113.7940703
501,-109.8212096
502,-108.3825603
503,-107.1260459
504,-109.7094017
505,-110.4059152
506,-111.2315161
507,-108.5569916
508,-109.1776509
509,-109.8024737
510,-111.1001788
511,-107.2858888
512,-107.4786476
513,-109.8986679
514,-112.2917361
515,-112.1105427
516,-109.7745398
517,-109.774749
518,-109.6491728
519,-109.1628228
520,-111.992343
521,-113.7776035
522,-112.2467229
523,-112.421427
524,-111.5038462
525,-112.5360962
526,-114.5210811
527,-116.4275147
528,-120.0425679
529,-119.2672199
530,-120.1289151
531,-119.0427124
532,-122.8745349
533,-117.0407402
534,-115.1340639
535,-113.4600172
536,-116.6191836
537,-117.7324506
538,-116.4738803
539,-117.811865
540,-120.929363
541,-118.2264703
542,-116.8049196
543,-117.7578747
544,-114.5909428
545,-113.3196354
546,-114.9558129
547,-114.818812
548,-113.8207676
549,-110.3556568
550,-113.4672935
551,-112.0622718
552,-110.1385088
553,-112.0353973
554,-109.9454894
555,-107.2039704
556,-104.1880355
557,-100.1435129
558,-102.1454543
559,-105.7053381
560,-103.660038
561,-99.31744568
562,-98.52984879
563,-95.98970709
564,-93.4361651
565,-94.65373361
566,-96.14915789
567,-99.04555739
568,-103.9872544
569,-104.155685
570,-103.2375734
571,-103.0908692
572,-104.7520167
573,-107.0394444
574,-106.8752846
575,-104.3803805
576,-100.8290439
577,-100.7335191
578,-101.3265993
579,-102.0428017
580,-101.0665191
581,-96.62831547
582,-96.44467609
583,-97.25407632
584,-95.83193553
585,-96.79101496
586,-96.43286083
587,-98.40432817
588,-96.74966191
589,-96.43005729
590,-99.11625873
591,-98.14450293
592,-99.85165095
593,-98.3594764
594,-101.1964861
595,-100.0222372
596,-101.1628046
597,-102.2002777
598,-104.9955536
599,-103.9256309
600,-104.0473245
601,-104.1366828
602,-101.5519932
603,-98.305779
604,-101.7811345
605,-100.5032127
606,-106.3395534
607,-108.0234097
608,-106.5283566
609,-108.7608483
610,-107.3681787
611,-108.4433331
612,-111.2276886
613,-110.5268961
614,-114.7366755
615,-118.0934769
616,-120.0502644
617,-115.8323053
618,-113.825989
619,-111.3271757
620,-109.3680605
621,-110.0099031
622,-111.3981815
623,-112.496066
624,-113.839883
625,-116.262184
626,-117.8382459
627,-115.9204011
628,-114.2480787
629,-117.9792364
630,-118.4987353
631,-118.3739883
632,-117.330424
633,-117.9557661
634,-121.1061888
635,-121.8186765
636,-124.5948599
637,-123.424158
638,-122.9199089
639,-122.4772886
640,-123.712805
641,-122.4344291
642,-120.3195985
643,-122.4466908
644,-122.3623004
645,-126.1413135
646,-127.3000158
647,-129.9724271
648,-128.2516736
649,-127.5897042
650,-130.2126281
651,-128.898558
652,-127.0243776
653,-127.2300558
654,-128.6920092
655,-128.7294973
656,-131.3158862
657,-129.8167832
658,-126.452022
659,-127.3136134
660,-126.9724098
661,-124.4902046
662,-126.5787983
663,-126.7438276
664,-121.4326724
665,-123.4788636
666,-120.7659131
667,-120.3825131
668,-119.0457139
669,-117.4953456
670,-116.2811526
671,-111.0663669
672,-113.0339025
673,-113.6560429
674,-118.0683198
675,-118.9236488
676,-115.6980319
677,-114.9866634
678,-117.2608343
679,-115.8131862
680,-114.281458
681,-114.6969601
682,-113.1746899
683,-115.2528463
684,-115.0364375
685,-115.287791
686,-116.4953658
687,-114.2676774
688,-113.5835017
689,-113.9167727
690,-111.7101213
691,-113.1508727
692,-116.0156275
693,-118.2470957
694,-123.4117991
695,-121.5508869
696,-120.0053689
697,-118.2156956
698,-118.9621177
699,-116.8752758
700,-118.5473484
701,-116.9682097
702,-117.5770503
703,-119.961899
704,-118.3800452
705,-120.9939836
706,-121.2045758
707,-120.6905263
708,-118.8589505
709,-117.177568
710,-114.5479326
711,-114.6973264
712,-115.1580679
713,-116.8235495
714,-113.5194873
715,-109.7137355
716,-111.9455951
717,-110.083388
718,-112.9307005
719,-114.358818
720,-113.9653619
721,-116.2845832
722,-118.3247877
723,-118.2629184
724,-120.8732
725,-122.3956258
726,-122.0496216
727,-122.7370064
728,-123.2163783
729,-118.126015
730,-114.9250559
731,-116.0648306
732,-115.4930049
733,-116.5565167
734,-117.5705635
735,-119.8493889
736,-117.1633536
737,-120.774534
738,-122.6484158
739,-123.3172272
740,-122.2444344
741,-121.0499241
742,-119.7515573
743,-122.5157009
744,-122.2538318
745,-122.2809939
746,-123.3077449
747,-124.1907044
748,-127.1250403
749,-128.520808
750,-128.3847275
751,-124.7841717
752,-124.9931582
753,-127.4836823
754,-130.8330357
755,-131.371677
756,-127.4696905
757,-125.1465004
758,-126.4410912
759,-125.9239469
760,-126.0630699
761,-125.7983749
762,-126.1091236
763,-128.9288482
764,-128.3935294
765,-128.7575204
766,-128.9625762
767,-126.5570186
768,-126.6318204
769,-125.7986731
770,-127.0682587
771,-129.8530019
772,-126.2826832
773,-128.3938076
774,-131.0723259
775,-130.3338056
776,-133.1105117
777,-136.7188778
778,-137.2831363
779,-135.7316818
780,-134.8686238
781,-134.0475935
782,-131.889638
783,-129.9120957
784,-128.3069613
785,-133.8109734
786,-134.4051216
787,-135.7593711
788,-133.3258758
789,-134.3955278
790,-137.2452997
791,-134.3278528
792,-133.6013636
793,-130.6830383
794,-127.6869964
795,-130.0349595
796,-129.920614
797,-131.2069749
798,-128.9307962
799,-126.8746581
800,-125.5517478
801,-125.3409322
802,-123.958766
803,-120.9669973
804,-123.1376463
805,-120.2865458
806,-117.6707747
807,-116.6150782
808,-113.0178991
809,-115.0591516
810,-114.2918495
811,-115.1439704
812,-113.6620103
813,-113.4930558
814,-112.1201107
815,-113.9327943
816,-114.3217504
817,-113.1435951
818,-115.8598555
819,-116.4832906
820,-113.0103738
821,-116.3637789
822,-112.2794452
823,-110.9671722
824,-113.9412618
825,-111.2943435
826,-113.4724897
827,-115.1014249
828,-114.2043562
829,-116.9400944
830,-114.3440102
831,-113.2692858
832,-116.9385225
833,-117.6145595
834,-120.9358398
835,-121.166627
836,-117.8648868
837,-118.1605456
838,-120.1429165
839,-117.6991275
840,-116.650849
841,-115.4727534
842,-117.4521963
843,-115.5974838
844,-115.2251156
845,-114.5081572
846,-115.2252897
847,-113.0495221
848,-113.5884349
849,-113.226506
850,-116.2739504
851,-113.2363848
852,-113.2226224
853,-115.6420203
854,-115.8117163
855,-114.2535493
856,-115.4539296
857,-114.3289692
858,-113.621235
859,-115.7335797
860,-116.8542584
861,-117.4188372
862,-112.9598527
863,-113.9538176
864,-111.204204
865,-111.5911934
866,-110.2918915
867,-110.6122258
868,-110.7111994
869,-111.2863788
870,-107.1456377
871,-110.9987547
872,-111.202521
873,-113.1025863
874,-108.6980591
875,-110.6680998
876,-109.2103357
877,-108.5596893
878,-107.506072
879,-110.7864751
880,-112.9206208
881,-112.3622632
882,-113.7614029
883,-112.3599694
884,-112.7546006
885,-112.2197355
886,-113.648674
887,-116.439346
888,-115.9400553
889,-107.6893659
890,-107.6613202
891,-104.8587823
892,-104.2913476
893,-103.4336384
894,-103.2839332
895,-98.94463837
896,-94.67838809
897,-95.3998256
898,-95.5652276
899,-95.57093149
900,-95.4865144
901,-96.50529493
902,-95.85296509
903,-94.23779056
904,-92.87547666
905,-91.37935497
906,-89.94077519
907,-86.19401298
908,-88.37856218
909,-89.89829101
910,-91.732371
911,-91.19722456
912,-92.39210956
913,-90.75189309
914,-92.16284972
915,-92.88010995
916,-96.21184029
917,-94.08654076
918,-93.24268568
919,-91.43569023
920,-88.48812093
921,-88.82603375
922,-90.75547221
923,-89.42811532
924,-88.69667634
925,-88.84751828
926,-88.42646456
927,-87.75696342
928,-87.3201446
929,-84.16981902
930,-83.40551503
931,-81.20690292
932,-79.73763556
933,-78.34444913
934,-75.16399858
935,-71.141335
936,-71.10038854
937,-72.63154072
938,-73.17047342
939,-76.61492678
940,-76.28370436
941,-78.7001075
942,-73.82022564
943,-73.53800568
944,-73.27821122
945,-76.35605348
946,-74.007208
947,-75.29829319
948,-72.15594325
949,-72.6509775
950,-76.23549204
951,-75.9452809
952,-72.38344615
953,-71.18373131
954,-70.90124582
955,-72.63249504
956,-75.59549418
957,-74.54630811
958,-77.5098996
959,-76.85568641
960,-78.05897394
961,-78.79442434
962,-82.69486882
963,-81.21517058
964,-80.59267511
965,-80.06323989
966,-81.36928839
967,-83.70403926
968,-83.12859604
969,-82.84540271
970,-79.55989246
971,-81.8110058
972,-84.76623837
973,-83.13686156
974,-81.85741204
975,-81.26835767
976,-84.54469148
977,-83.10135951
978,-85.21568014
979,-82.67327957
980,-83.17758025
981,-83.02579068
982,-86.42795514
983,-87.32987262
984,-89.9311801
985,-93.27479503
986,-92.41435463
987,-92.3108951
988,-94.37740328
989,-93.52591232
990,-94.20523445
991,-93.29282446
992,-93.05181523
993,-93.88696555
994,-93.78540998
995,-92.49218041
996,-90.59559185
997,-92.07313945
998,-94.86729682
999,-91.58523501
1000,-89.30044295
1001,-86.84705157
1002,-89.11717048
1003,-86.35528668
1004,-83.47637858
1005,-85.98931144
1006,-89.62894059
1007,-90.25933076
1008,-91.12270634
1009,-92.39964498
1010,-91.56727798
1011,-88.22629679
1012,-87.31200962
1013,-84.13876865
1014,-86.41894379
1015,-86.41895734
1016,-81.81053626
1017,-81.91300517
1018,-82.97909451
1019,-80.34568722
1020,-78.73956242
1021,-77.14066655
1022,-74.44745205
1023,-72.87973847
1024,-73.94471606
1025,-73.74551087
1026,-75.25580263
1027,-77.389281
1028,-74.06522478
1029,-76.10797675
1030,-75.64672904
1031,-75.82853972
1032,-78.6160444
1033,-78.95068342
1034,-77.03145413
1035,-78.81276141
1036,-82.1914008
1037,-82.7380965
1038,-80.53279508
1039,-82.58038473
1040,-81.5132357
1041,-79.29904202
1042,-76.00068215
1043,-74.92067495
1044,-72.42895917
1045,-70.07199947
1046,-70.25374481
1047,-71.70040287
1048,-71.56837808
1049,-73.77068518
1050,-74.76025053
1051,-70.51606063
1052,-72.75077438
1053,-70.03303181
1054,-69.02118435
1055,-67.34898288
1056,-63.56116795
1057,-63.91610841
1058,-67.29117314
1059,-66.64738385
1060,-66.26155245
1061,-64.54205325
1062,-64.76618443
1063,-67.50525739
1064,-67.95175223
1065,-64.94846575
1066,-66.42743019
1067,-61.19412236
1068,-58.44721909
1069,-60.3197174
1070,-60.042198
1071,-63.01608125
1072,-61.00513454
1073,-60.23530849
1074,-56.20904642
1075,-52.49514615
1076,-50.03598981
1077,-53.3172353
1078,-52.82364548
1079,-52.43863299
1080,-54.79237917
1081,-54.60845181
1082,-52.38791672
1083,-53.81588913
1084,-56.38010313
1085,-58.02787228
1086,-56.23643867
1087,-53.17573614
1088,-53.00367088
1089,-51.89358223
1090,-53.33193712
1091,-50.82818978
1092,-53.7020544
1093,-54.17876162
1094,-54.66972181
1095,-55.44967646
1096,-52.00883545
1097,-50.73778517
1098,-51.56228588
1099,-53.79157946
1100,-51.71482354
1101,-51.01114059
1102,-49.47512687
1103,-49.86653036
1104,-48.66514717
1105,-48.57036535
1106,-50.52644285
1107,-49.90175505
1108,-48.87014962
1109,-50.40600737
1110,-50.26893282
1111,-48.38639553
1112,-48.50086635
1113,-47.82396825
1114,-51.99256307
1115,-52.61826141
1116,-55.54108568
1117,-56.12579657
1118,-59.61696566
1119,-57.20622662
1120,-58.50208375
1121,-58.8296577
1122,-59.32798135
1123,-58.45599307
1124,-57.05626395
1125,-56.32056123
1126,-58.14313559
1127,-58.09382607
1128,-55.99996268
1129,-55.88684196
1130,-58.62239211
1131,-55.18713792
1132,-53.51033947
1133,-54.65316213
1134,-55.70639939
1135,-59.93372062
1136,-61.22255461
1137,-58.52748312
1138,-58.03263074
1139,-57.02356858
1140,-54.41101197
1141,-57.28469124
1142,-55.73238583
1143,-53.50834932
1144,-53.87361478
1145,-51.57226661
1146,-53.56412399
1147,-50.99379099
1148,-50.59131647
1149,-49.66708043
1150,-46.4763124
1151,-41.6256572
1152,-40.02000537
1153,-40.34393115
1154,-42.73889938
1155,-41.20404583
1156,-42.97594423
1157,-43.28172865
1158,-39.96181324
1159,-41.63278909
1160,-40.82923212
1161,-37.01935541
1162,-34.23826722
1163,-33.50947487
1164,-32.92494656
1165,-35.65412443
1166,-32.71896904
1167,-36.04956436
1168,-36.53619899
1169,-36.65833765
1170,-36.92405106
1171,-38.4039728
1172,-37.90156254
1173,-34.67684913
1174,-34.02170506
1175,-30.31607656
1176,-28.59393791
1177,-31.84476052
1178,-34.93555623
1179,-36.57218913
1180,-36.69817749
1181,-35.08868737
1182,-34.42559179
1183,-33.19099744
1184,-33.95489288
1185,-32.90691824
1186,-36.10207814
1187,-34.67638827
1188,-37.53523375
1189,-36.43714622
1190,-35.92097488
1191,-37.83416769
1192,-33.66151604
1193,-33.01153617
1194,-32.37803228
1195,-32.54536821
1196,-34.13035888
1197,-33.89946998
1198,-33.13177299
1199,-30.25847162
1200,-26.93288811
1201,-29.60430797
1202,-32.12819266
1203,-29.54917732
1204,-30.82636928
1205,-33.36532821
1206,-35.40151168
1207,-34.0018518
1208,-34.8524389
1209,-35.20534567
1210,-37.43203709
1211,-40.11804952
1212,-41.65984755
1213,-41.27069214
1214,-37.22172418
1215,-36.59746578
1216,-36.74450223
1217,-34.47377897
1218,-33.962463
1219,-33.63035671
1220,-34.36897498
1221,-34.42991275
1222,-38.13020291
1223,-37.03695746
1224,-37.67017007
1225,-36.56217824
1226,-38.07326629
1227,-35.80565761
1228,-32.83410369
1229,-35.47834239
1230,-36.43283184
1231,-38.70170516
1232,-40.49213481
1233,-38.74430327
1234,-40.26021209
1235,-40.65840918
1236,-41.43078085
1237,-45.20771218
1238,-48.75824469
1239,-47.80913138
1240,-43.5496407
1241,-43.32615998
1242,-45.14556442
1243,-47.45907398
1244,-46.78753088
1245,-45.01327634
1246,-41.39806135
1247,-39.2055886
1248,-41.92143909
1249,-39.28133513
1250,-40.66886738
1251,-40.03222476
1252,-36.39996489
1253,-35.60046388
1254,-34.60221411
1255,-37.41912508
1256,-33.75985924
1257,-34.96296312
1258,-31.5129778
1259,-27.14334844
1260,-27.34303538
1261,-26.92776386
1262,-27.54351257
1263,-27.61456522
1264,-30.33023276
1265,-28.0659787
1266,-26.51040979
1267,-28.26794386
1268,-26.54188331
1269,-24.14563688
1270,-21.6335023
1271,-21.491701
1272,-17.24514626
1273,-15.77146295
1274,-15.05029386
1275,-15.6322512
1276,-18.86118136
1277,-21.38906114
1278,-18.37828957
1279,-20.07106041
1280,-20.38456741
1281,-24.13384205
1282,-25.56633383
1283,-25.35265866
1284,-25.15908776
1285,-23.48626626
1286,-21.96699811
1287,-20.61899017
1288,-19.32180061
1289,-21.68212692
1290,-23.86164115
1291,-24.08448459
1292,-20.22353858
1293,-22.97960085
1294,-20.77766542
1295,-20.70707254
1296,-22.19604661
1297,-24.1284769
1298,-25.26194668
1299,-22.60949305
1300,-22.53031972
1301,-24.41889068
1302,-27.66474846
1303,-33.04086187
1304,-29.98849346
1305,-31.49999008
1306,-30.59998006
1307,-30.8148317
1308,-32.85407103
1309,-31.4734769
1310,-32.12674949
1311,-29.16491439
1312,-30.1848721
1313,-30.02586446
1314,-31.97845552
1315,-31.97415412
1316,-30.56589538
1317,-31.76276921
1318,-32.06625166
1319,-32.57330525
1320,-33.40545963
1321,-35.52322475
1322,-37.27880847
1323,-39.32630423
1324,-38.54235638
1325,-38.14818285
1326,-38.50560235
1327,-40.8137619
1328,-41.03963325
1329,-41.63905832
1330,-43.20733975
1331,-43.41454528
1332,-42.93649761
1333,-42.20882114
1334,-43.29756059
1335,-42.23785173
1336,-41.76633974
1337,-41.80554497
1338,-43.474912
1339,-43.4271178
1340,-47.11176112
1341,-46.42865528
1342,-48.19356092
1343,-47.79348619
1344,-51.70898613
1345,-49.13921861
1346,-50.90282896
1347,-49.1399199
1348,-48.99055707
1349,-47.96521656
1350,-50.20378773
1351,-51.86111793
1352,-54.37521644
1353,-55.17961385
1354,-49.56504548
1355,-53.12398222
1356,-51.34487995
1357,-52.50743951
1358,-54.00884527
1359,-52.35568118
1360,-53.5989613
1361,-50.19347879
1362,-51.09767231
1363,-49.81741318
1364,-49.74151861
1365,-48.99008035
1366,-46.08551606
1367,-49.46815554
1368,-50.91683967
1369,-52.20577023
1370,-54.23212533
1371,-54.5756847
1372,-54.82906967
1373,-56.6217648
1374,-55.5388604
1375,-54.78750286
1376,-51.87693377
1377,-50.26211786
1378,-51.20961348
1379,-52.19745215
1380,-52.65209374
1381,-55.29414344
1382,-56.42071724
1383,-55.54234177
1384,-54.36906372
1385,-54.22959315
1386,-55.95859615
1387,-52.35661113
1388,-54.53467304
1389,-51.57481039
1390,-54.29487766
1391,-51.64645133
1392,-53.14980974
1393,-51.11386061
1394,-52.60894075
1395,-53.14860007
1396,-58.52085484
1397,-59.15304958
1398,-57.01913624
1399,-58.59055044
1400,-60.89537775
1401,-62.48305889
1402,-62.22426339
1403,-61.75980055
1404,-62.85668987
1405,-59.83098927
1406,-62.78012396
1407,-65.15192831
1408,-67.75895091
1409,-69.89933829
1410,-71.19179321
1411,-68.27839484
1412,-68.25333264
1413,-68.05872594
1414,-68.43774592
1415,-69.91106305
1416,-70.16815159
1417,-71.44082164
1418,-72.51102359
1419,-69.28574345
1420,-68.89292175
1421,-67.71831224
1422,-63.75098656
1423,-62.54150308
1424,-65.95577672
1425,-68.46957974
1426,-68.37648776
1427,-69.34450569
1428,-72.19952105
1429,-73.2972355
1430,-75.91149258
1431,-80.61483803
1432,-81.65896593
1433,-79.92954974
1434,-80.65573504
1435,-83.17500599
1436,-82.84303263
1437,-80.73263112
1438,-76.93936075
1439,-78.42839526
1440,-76.28318111
1441,-78.27329642
1442,-79.09192346
1443,-79.14096993
1444,-79.27888452
1445,-76.70271224
1446,-78.482547
1447,-79.08932083
1448,-79.24929983
1449,-78.31543271
1450,-75.32100692
1451,-73.71904973
1452,-74.18323347
1453,-75.45468702
1454,-73.56246758
1455,-70.98892187
1456,-70.45601315
1457,-69.09344384
1458,-64.42381644
1459,-65.56719023
1460,-66.44157537
1461,-66.13817692
1462,-67.50431888
1463,-66.30230932
1464,-70.00244745
1465,-71.75138584
1466,-70.19317662
1467,-67.00296705
1468,-67.76731508
1469,-67.9051831
1470,-69.26334035
1471,-66.20819403
1472,-65.35249547
1473,-68.86451037
1474,-72.20373591
1475,-72.64315471
1476,-73.42948926
1477,-69.69961156
1478,-69.044493
1479,-69.60296031
1480,-70.39118652
1481,-68.61379754
1482,-66.10118938
1483,-66.77599892
1484,-65.57716534
1485,-62.99324828
1486,-65.90522046
1487,-65.40007783
1488,-66.37334096
1489,-63.7882034
1490,-65.91554939
1491,-67.0038624
1492,-64.6937908
1493,-66.32401148
1494,-64.76979848
1495,-61.62617157
1496,-61.98446813
1497,-60.59722103
1498,-61.87139124
1499,-64.41810667
1500,-66.20768642
1501,-67.08761083
1502,-64.05202949
1503,-67.76701722
1504,-69.26001272
1505,-65.3304295
1506,-64.18629659
1507,-64.29018252
1508,-62.04176868
1509,-59.0965323
1510,-58.81005986
1511,-58.51702359
1512,-56.98064524
1513,-57.78209242
1514,-56.68242994
1515,-57.80748703
1516,-53.61423826
1517,-54.5136562
1518,-52.06630284
1519,-48.80692281
1520,-51.76540614
1521,-50.5081443
1522,-45.34998029
1523,-46.97497853
1524,-43.7879473
1525,-40.83084891
1526,-44.56252112
1527,-45.6008372
1528,-43.87400536
1529,-44.88298818
1530,-44.51271799
1531,-44.68878146
1532,-46.9114339
1533,-48.56455056
1534,-48.28599139
1535,-47.05524235
1536,-43.44632097
1537,-43.65686133
1538,-46.67510089
1539,-45.78498608
1540,-43.96301666
1541,-43.40952429
1542,-41.03448619
1543,-38.44368894
1544,-36.13026365
1545,-33.08071089
1546,-32.93703939
1547,-30.02648565
1548,-32.57987654
1549,-35.5026386
1550,-33.19549864
1551,-32.87042503
1552,-30.62969712
1553,-29.09251745
1554,-27.11961985
1555,-25.40832923
1556,-28.60969639
1557,-31.98675016
1558,-30.59959838
1559,-31.9851977
1560,-33.4739847
1561,-30.95002392
1562,-29.76864806
1563,-30.42673668
1564,-32.15031482
1565,-27.89875441
1566,-26.27135961
1567,-24.25242994
1568,-22.21650074
1569,-21.03241502
1570,-20.88099857
1571,-24.55962693
1572,-27.55844404
1573,-27.37714898
1574,-28.28846039
1575,-27.57493562
1576,-28.79930305
1577,-28.3746854
1578,-30.01276366
1579,-25.37600974
1580,-25.64075504
1581,-24.36165968
1582,-26.67963694
1583,-23.76354482
1584,-25.63048738
1585,-26.29775338
1586,-24.95354991
1587,-24.12325673
1588,-22.27732049
1589,-22.80669889
1590,-26.11530634
1591,-22.09017976
1592,-24.53136865
1593,-27.45718371
1594,-26.73833134
1595,-23.70991712
1596,-23.29722389
1597,-26.23369813
1598,-30.03613322
1599,-28.32975232
1600,-29.33095389
1601,-30.28776946
1602,-29.56769528
1603,-30.67263984
1604,-30.88391831
1605,-34.04112508
1606,-31.24666255
1607,-30.45602511
1608,-30.17589419
1609,-32.60016922
1610,-36.28289595
1611,-37.72786783
1612,-40.3972514
1613,-37.70735084
1614,-38.24937307
1615,-34.20140671
1616,-35.15562366
1617,-35.87741195
1618,-35.27492089
1619,-34.71423606
1620,-35.44948061
1621,-33.64231671
1622,-34.27874012
1623,-32.08932383
1624,-31.40341087
1625,-29.65063491
1626,-31.0624509
1627,-31.7392205
1628,-30.92527056
1629,-28.0898647
1630,-31.42614462
1631,-36.76151817
1632,-39.45806313
1633,-43.15564249
1634,-39.42425184
1635,-38.19596241
1636,-41.81441768
1637,-41.37513719
1638,-41.4483442
1639,-42.30634349
1640,-44.39988047
1641,-43.76766922
1642,-41.13544706
1643,-44.49165864
1644,-46.14639806
1645,-48.68516571
1646,-49.47823588
1647,-51.31054445
1648,-50.61069332
1649,-49.42603449
1650,-44.85420367
1651,-43.97614088
1652,-44.03788867
1653,-44.66517601
1654,-46.38715479
1655,-47.01243559
1656,-45.15798451
1657,-47.19461748
1658,-46.25778103
1659,-44.51124078
1660,-40.4000893
1661,-44.43538884
1662,-42.51394315
1663,-37.86496855
1664,-39.17697411
1665,-42.54305599
1666,-41.96841817
1667,-43.16273561
1668,-39.65289014
1669,-41.66973155
1670,-38.9190645
1671,-42.58636923
1672,-46.26624714
1673,-48.49912535
1674,-44.82781521
1675,-43.21824832
1676,-41.2759837
1677,-42.3630889
1678,-42.19863786
1679,-44.62339172
1680,-42.08108441
1681,-44.83812252
1682,-40.34575577
1683,-40.04517434
1684,-39.86807005
1685,-37.53449684
1686,-35.90849539
1687,-36.92215597
1688,-38.08570694
1689,-41.23352797
1690,-40.30990028
1691,-40.47020994
1692,-39.92968448
1693,-39.21942067
1694,-40.09804978
1695,-38.29499023
1696,-35.09053347
1697,-31.83751975
1698,-30.04096195
1699,-30.82091964
1700,-29.64686431
1701,-30.31548147
1702,-32.73754942
1703,-30.61950529
1704,-34.40084024
1705,-34.31748672
1706,-35.02706182
1707,-33.85375397
1708,-34.99149366
1709,-31.92130304
1710,-30.25501065
1711,-27.79299873
1712,-29.3412658
1713,-27.8838812
1714,-26.24931323
1715,-25.02815458
1716,-26.06202767
1717,-25.71315717
1718,-26.85041439
1719,-28.73140561
1720,-27.46017913
1721,-26.44124998
1722,-29.24755313
1723,-31.49593976
1724,-30.45213104
1725,-28.93853435
1726,-29.85201671
1727,-28.61804682
1728,-28.66270324
1729,-32.2738596
1730,-29.86835577
1731,-33.07554175
1732,-35.36236607
1733,-33.0779883
1734,-31.02873379
1735,-28.73853532
1736,-27.89934977
1737,-29.04596854
1738,-30.45944595
1739,-29.42361767
1740,-27.54821507
1741,-24.45313899
1742,-25.99242112
1743,-27.52168471
1744,-27.41904429
1745,-24.4655261
1746,-20.57450054
1747,-21.71327126
1748,-21.85614772
1749,-19.44440539
1750,-22.28391861
1751,-20.39921258
1752,-17.31052703
1753,-20.06496944
1754,-20.90438786
1755,-18.0864064
1756,-21.20505511
1757,-22.92516817
1758,-23.97780626
1759,-26.68251427
1760,-29.51224066
1761,-28.20974594
1762,-25.49674338
1763,-23.02152344
1764,-22.81283153
1765,-23.33661518
1766,-23.08956478
1767,-27.02009389
1768,-26.06710584
1769,-22.87022842
1770,-23.38830087
1771,-21.88481589
1772,-21.00646075
1773,-20.08753291
1774,-18.41786707
1775,-18.52092379
1776,-17.53927
1777,-16.3580338
1778,-19.8984037
1779,-19.6551307
1780,-17.53111639
1781,-16.01094108
1782,-14.97003872
1783,-14.83666156
1784,-10.9563074
1785,-13.72403186
1786,-11.83931847
1787,-11.06812518
1788,-12.51934582
1789,-13.33610521
1790,-13.89365679
1791,-12.39776799
1792,-9.09885513
1793,-7.952146069
1794,-9.65377974
1795,-8.085162131
1796,-3.24937024
1797,-3.046194257
1798,-5.481585272
1799,-7.919534552
1800,-7.984964626
1801,-8.00158491
1802,-7.869481416
1803,-8.871927069
1804,-6.586464398
1805,-8.478919363
1806,-7.921490347
1807,-7.225797573
1808,-6.091495488
1809,-8.216154731
1810,-6.830977401
1811,-5.034462775
1812,-8.092584618
1813,-7.437345538
1814,-6.862158417
1815,-7.095143362
1816,-6.92341988
1817,-8.061494332
1818,-12.52949927
1819,-16.24952585
1820,-12.6933991
1821,-11.16314248
1822,-8.90248371
1823,-6.588760771
1824,-4.998304228
1825,-6.616765668
1826,-3.538011692
1827,-4.824015354
1828,-4.223033663
1829,-4.794007604
1830,-7.23016917
1831,-6.472927493
1832,-6.062529858
1833,-2.723230991
1834,-4.839029616
1835,-7.547263265
1836,-5.559873016
1837,-7.21204417
1838,-5.262615736
1839,-3.922687793
1840,-4.053590283
1841,-5.518768273
1842,-9.145497163
1843,-11.40421852
1844,-11.83934029
1845,-15.10860653
1846,-10.37877049
1847,-8.851209396
1848,-10.28350284
1849,-12.79322364
1850,-10.53935827
1851,-13.78898935
1852,-9.023129886
1853,-5.533542058
1854,-2.545485518
1855,-3.133413772
1856,-1.318239928
1857,-1.003386782
1858,-1.616109783
1859,-1.619285782
1860,-4.104082572
1861,-3.278779573
1862,-5.693319456
1863,-4.897056851
1864,-9.295669988
1865,-9.8138048
1866,-13.26567416
1867,-16.2190284
1868,-20.75124106
1869,-23.0838876
1870,-19.30309761
1871,-17.39845964
1872,-20.70886652
1873,-20.68304466
1874,-20.3347347
1875,-18.67220423
1876,-17.11402526
1877,-17.38272326
1878,-14.84889781
1879,-14.55281526
1880,-12.10219419
1881,-13.28159052
1882,-10.99295315
1883,-13.52968958
1884,-11.83093975
1885,-14.56686406
1886,-19.30597886
1887,-19.30853193
1888,-20.06505533
1889,-21.40950027
1890,-22.41390027
1891,-23.42799662
1892,-22.34841989
1893,-23.44586747
1894,-24.2425127
1895,-24.64161643
1896,-23.53716241
1897,-21.67864882
1898,-23.08805263
1899,-22.94760027
1900,-20.78527779
1901,-21.28614957
1902,-20.0698778
1903,-17.74392015
1904,-16.67855433
1905,-17.17399066
1906,-14.29389487
1907,-11.43484252
1908,-12.7632383
1909,-15.83512818
1910,-15.25072672
1911,-12.84865606
1912,-7.655255554
1913,-9.674182454
1914,-7.481906543
1915,-9.825091218
1916,-9.785889443
1917,-9.298469076
1918,-13.94021531
1919,-10.39629069
1920,-15.26038841
1921,-14.15182277
1922,-17.43176076
1923,-20.26935826
1924,-16.69066713
1925,-17.89374191
1926,-17.84163365
1927,-20.23521102
1928,-22.89376424
1929,-24.46518946
1930,-22.69898831
1931,-21.35038535
1932,-25.74190235
1933,-27.30017642
1934,-26.26952274
1935,-23.33830898
1936,-24.30985733
1937,-24.92671117
1938,-22.9012106
1939,-25.81050308
1940,-25.49236853
1941,-25.7957903
1942,-25.92298992
1943,-25.52536948
1944,-26.40226452
1945,-22.66625744
1946,-23.60344006
1947,-25.43916173
1948,-23.94325436
1949,-22.47330766
1950,-21.74958218
1951,-17.78634739
1952,-18.84602234
1953,-17.19750835
1954,-18.11867671
1955,-12.12560529
1956,-12.32396241
1957,-12.09061336
1958,-15.67540071
1959,-14.51980883
1960,-12.64424254
1961,-11.83909744
1962,-14.15769794
1963,-15.44910919
1964,-14.69935732
1965,-15.73813035
1966,-12.55440658
1967,-13.04075085
1968,-10.20822336
1969,-10.07884296
1970,-8.147093755
1971,-9.891835527
1972,-12.56058615
1973,-11.64379064
1974,-10.92653161
1975,-11.33059334
1976,-9.302538291
1977,-6.747472267
1978,-6.988915823
1979,-3.327061281
1980,-5.475882362
1981,-5.626492611
1982,-7.793741393
1983,-5.559409578
1984,-4.637401868
1985,-3.621097118
1986,-5.416230197
1987,-4.134178598
1988,-3.80511392
1989,-5.095308113
1990,-4.981473378
1991,-6.014052104
1992,-6.181450579
1993,-5.194132624
1994,-7.530503083
1995,-8.956635969
1996,-5.447320929
1997,-4.165664484
1998,-2.792560775
1999,-1.62154286
2000,1.203745467
2001,3.574078731
2002,5.016883029
2003,7.260318114
2004,2.763050591
2005,5.522773775
2006,1.619592957
2007,0.794394209
2008,-3.292101665
2009,-2.48926488
2010,-1.531218615
2011,-1.18505204
2012,-0.204519593
2013,-0.155486465
2014,0.275258081
2015,2.602011385
2016,-0.357965828
2017,-2.149176006
2018,-3.16737392
2019,-6.173849998
2020,-6.643254799
2021,-7.408411043
2022,-4.211366424
2023,-2.824574749
2024,-5.019072135
2025,-6.290499943
2026,-7.712807286
2027,-8.852883922
2028,-14.16589845
2029,-14.26995928
2030,-17.04860251
2031,-15.31556632
2032,-16.54151365
2033,-14.07766818
2034,-12.18393633
2035,-12.6367988
2036,-11.96367606
2037,-11.55420737
2038,-14.95471801
2039,-12.94786123
2040,-12.33863028
2041,-13.63537356
2042,-13.55509618
2043,-8.841622773
2044,-6.204457941
2045,-7.266181799
2046,-9.283754029
2047,-10.51533777
2048,-6.961870823
2049,-5.523343705
2050,-8.363549994
2051,-12.30841491
2052,-13.0416927
2053,-14.17516529
2054,-16.65365922
2055,-13.60278203
2056,-15.7437674
2057,-14.44066957
2058,-12.95991141
2059,-11.98254237
2060,-10.12151263
2061,-6.881649498
2062,-7.096206132
2063,-4.854715278
2064,-3.089617937
2065,-4.363924268
2066,-4.556907364
2067,-5.988524627
2068,-6.771222373
2069,-7.199088155
2070,-6.452735559
2071,-4.496357697
2072,-3.368154804
2073,-2.062102028
2074,-1.041226904
2075,-1.837701474
2076,-3.220608519
2077,-1.120631758
2078,-2.652862196
2079,-6.574282728
2080,-8.032898424
2081,-9.443071558
2082,-10.58360989
2083,-9.971826234
2084,-13.27787844
2085,-13.84316523
2086,-12.7493243
2087,-10.98560424
2088,-9.903589551
2089,-8.406865878
2090,-7.577571182
2091,-7.529509795
2092,-5.310288197
2093,-4.712645834
2094,-5.971611072
2095,-3.847666889
2096,-3.225468039
2097,-6.544193373
2098,-1.385015897
2099,-0.673910287
2100,1.7707155
2101,6.197112223
2102,5.880744408
2103,3.922470155
2104,5.3272547
2105,2.567619666
2106,2.389472007
2107,1.736339936
2108,-0.544161036
2109,-3.619373816
2110,-7.114808013
2111,-4.123412158
2112,-2.436296171
2113,-3.618413186
2114,-6.363503808
2115,-10.0731746
2116,-7.117769249
2117,-5.548612802
2118,-2.676599896
2119,-1.751906137
2120,-0.602666849
2121,1.977306438
2122,1.57426229
2123,4.281129869
2124,5.34245239
2125,7.773721389
2126,7.938009025
2127,9.286089778
2128,7.007000474
2129,7.523127598
2130,8.043481141
2131,10.49723139
2132,11.91510793
2133,7.636130995
2134,10.84147838
2135,5.182707414
2136,0.689052543
2137,2.98898542
2138,5.288528462
2139,5.834279515
2140,4.551025805
2141,2.244918985
2142,1.803667436
2143,3.685568915
2144,2.110985655
2145,3.648221724
2146,5.896841338
2147,4.347468041
2148,0.019566148
2149,4.832769064
2150,5.135145357
2151,1.694357133
2152,-0.3312203
2153,-2.192504713
2154,0.937934823
2155,-3.819456255
2156,-3.065036907
2157,-4.210442728
2158,-3.133902463
2159,-5.351270707
2160,-3.725411362
2161,-3.130410731
2162,-2.755488836
2163,-0.316525756
2164,1.873995932
2165,1.198468281
2166,2.43793483
2167,0.071129325
2168,1.398006975
2169,3.658534707
2170,-1.125224991
2171,-2.037602682
2172,-0.066234476
2173,1.533207467
2174,2.814215453
2175,0.455871625
2176,1.299369644
2177,2.488147415
2178,4.013426739
2179,5.05654564
2180,3.576151983
2181,2.604535491
2182,5.102473082
2183,3.251961573
2184,2.385975673
2185,3.404911559
2186,6.426028105
2187,11.45602548
2188,11.97287848
2189,12.99111972
2190,13.30633422
2191,15.34460435
2192,14.94175363
2193,15.67845071
2194,14.30506
2195,14.17022769
2196,11.59481303
2197,12.60280538
2198,12.02365982
2199,16.45039972
2200,19.46410045
2201,17.82313514
2202,18.72262834
2203,19.46497076
2204,17.75463075
2205,16.17575128
2206,19.57178798
2207,21.03043758
2208,22.83652609
2209,20.05728296
2210,17.72964849
2211,18.95979277
2212,15.90272957
2213,12.62156655
2214,14.27367763
2215,16.23522067
2216,16.48649745
2217,19.22203336
2218,15.94176674
2219,12.78548305
2220,10.07036826
2221,11.05596831
2222,12.18102027
2223,10.01002309
2224,10.32635127
2225,11.3708382
2226,10.09175556
2227,11.12072901
2228,10.39943183
2229,12.51372191
2230,16.72772038
2231,16.94943017
2232,18.52563564
2233,18.9780398
2234,15.14987385
2235,17.98919879
2236,20.19266603
2237,19.11399187
2238,21.26252657
2239,18.7244541
2240,15.70417438
2241,14.25501386
2242,14.49777435
2243,18.42515222
2244,21.12880794
2245,19.66688843
2246,21.57899495
2247,20.0906017
2248,20.05153487
2249,21.59450206
2250,18.0785987
2251,19.39760865
2252,20.35548873
2253,23.10044473
2254,23.21621585
2255,24.61300028
2256,21.85070126
2257,20.2507129
2258,20.31261518
2259,22.8018003
2260,25.03670146
2261,25.32654392
2262,24.12788639
2263,26.65342584
2264,27.85442829
2265,27.66242578
2266,31.13458378
2267,31.14812362
2268,32.29098356
2269,31.19763832
2270,34.57216082
2271,34.34078882
2272,30.63172316
2273,32.50443071
2274,30.74615058
2275,30.9163129
2276,30.96305866
2277,31.44283486
2278,31.26530345
2279,31.5903995
2280,31.76219075
2281,32.37711167
2282,28.58020707
2283,27.87636661
2284,28.55818857
2285,29.74749649
2286,31.69935845
2287,30.43483331
2288,31.38465858
2289,35.28607285
2290,34.32015088
2291,35.21086299
2292,32.50923866
2293,33.90445101
2294,30.92640779
2295,33.98159671
2296,32.76435331
2297,34.06011773
2298,33.47303659
2299,35.49406965
2300,32.90809585
2301,35.40819955
2302,35.57980735
2303,34.04024749
2304,36.52767623
2305,35.71890243
2306,33.19654178
2307,33.49393927
2308,32.11863657
2309,31.73162573
2310,35.54007724
2311,35.71704578
2312,38.90964664
2313,37.69394219
2314,37.38363901
2315,39.21113569
2316,38.89592405
2317,37.84595948
2318,36.72614926
2319,39.11101111
2320,40.4241185
2321,37.77162734
2322,37.25437637
2323,33.77093094
2324,37.47354837
2325,35.61921516
2326,37.49479611
2327,39.84175384
2328,39.22539066
2329,35.59781711
2330,38.34462133
2331,37.29527421
2332,34.83281277
2333,35.20977726
2334,33.20089092
2335,32.75103018
2336,36.85036166
2337,37.58243355
2338,39.76847904
2339,40.93792599
2340,39.13525867
2341,41.78264523
2342,42.92382029
2343,43.57073917
2344,43.39367201
2345,47.23004167
2346,46.04472754
2347,46.03188141
2348,47.16600187
2349,46.32207208
2350,46.49095195
2351,49.28717625
2352,46.91577091
2353,50.34853212
2354,54.03680374
2355,52.36053362
2356,50.17604221
2357,52.0728163
2358,54.66463107
2359,53.54476615
2360,57.10391627
2361,59.06443097
2362,56.79718937
2363,58.42374998
2364,58.48195761
2365,53.97616934
2366,52.03658582
2367,52.61341353
2368,53.34846742
2369,57.18252979
2370,57.80707255
2371,56.20254353
2372,56.85225943
2373,57.92539141
2374,60.43205428
2375,64.76051175
2376,66.45518386
2377,67.04524657
2378,68.72734492
2379,67.58866027
2380,67.22219806
2381,65.83687647
2382,66.32236963
2383,62.1069531
2384,64.857518
2385,68.433612
2386,66.08364378
2387,70.14067343
2388,67.59527618
2389,66.75362945
2390,67.79752711
2391,68.84108795
2392,69.41737887
2393,68.96347819
2394,68.7358016
2395,70.14464319
2396,66.59088061
2397,65.69214328
2398,64.82178252
2399,66.00129369
2400,70.31891933
2401,69.46972538
2402,64.62497265
2403,65.03029542
2404,64.59423766
2405,61.49844014
2406,58.51539135
2407,61.4533405
2408,60.64401728
2409,62.71766705
2410,62.38853137
2411,63.25410565
2412,64.18926365
2413,66.91452318
2414,66.39517477
2415,64.67440793
2416,65.52779803
2417,68.43540721
2418,70.32609415
2419,70.11119629
2420,65.56910382
2421,64.5383434
2422,64.01711461
2423,60.47716188
2424,63.28114481
2425,64.61906576
2426,70.7498958
2427,68.97715265
2428,72.54468798
2429,70.44529238
2430,66.50424954
2431,67.21658503
2432,66.12857579
2433,66.18499504
2434,70.28387009
2435,73.93088236
2436,70.97130815
2437,71.16731689
2438,73.26238597
2439,70.77079889
2440,71.95754481
2441,69.38277502
2442,67.93277871
2443,68.33987389
2444,65.2860152
2445,67.51334952
2446,66.95427272
2447,65.16592754
2448,68.73125972
2449,66.83323794
2450,67.88315621
2451,70.38360667
2452,68.67834147
2453,70.31188617
2454,68.02233104
2455,69.55334177
2456,65.29600344
2457,64.96328461
2458,64.45833853
2459,61.38251084
2460,62.06187011
2461,62.83513617
2462,65.34128812
2463,64.17031934
2464,59.80173095
2465,58.42130845
2466,57.39470183
2467,55.39407744
2468,53.79654029
2469,55.58897104
2470,55.2344929
2471,51.35710502
2472,49.48334786
2473,50.24882673
2474,53.88796072
2475,56.67519758
2476,55.97772416
2477,59.97521089
2478,61.35735403
2479,62.66883058
2480,59.70315702
2481,57.79028494
2482,60.94759783
2483,57.07852774
2484,57.87581738
2485,54.24266186
2486,55.93638964
2487,55.63116697
2488,56.97325592
2489,52.53084957
2490,54.96674669
2491,58.31326949
2492,59.24095914
2493,57.53162148
2494,58.79140628
2495,57.55797908
2496,59.00635322
2497,61.66887546
2498,62.01979788
2499,59.28807531
2500,60.3281243
2501,60.17997776
2502,59.54500663
2503,58.08324416
2504,56.91819058
2505,56.15976288
2506,53.56623389
2507,54.200723
2508,54.56183784
2509,54.76222872
2510,54.30067883
2511,51.01717107
2512,49.11148109
2513,49.2540308
2514,45.55672927
2515,45.36123683
2516,46.08430892
2517,44.86221989
2518,41.0854291
2519,41.47403006
2520,44.1184383
2521,49.52033778
2522,48.05030098
2523,49.25331431
2524,51.37999971
2525,48.94639225
2526,48.71979465
2527,48.92047551
2528,50.65799918
2529,48.36598434
2530,51.70811882
2531,52.19546594
2532,50.15974424
2533,50.07795997
2534,50.0357379
2535,51.64511719
2536,47.39479853
2537,47.26238377
2538,46.33196499
2539,43.33426939
2540,44.0200751
2541,43.2567383
2542,40.87871788
2543,40.61194428
2544,42.44255238
2545,44.6044785
2546,47.97904076
2547,46.95479504
2548,47.76621925
2549,50.64429716
2550,48.35020345
2551,48.79164103
2552,50.69483606
2553,48.59465499
2554,47.50801073
2555,47.67715829
2556,46.85653692
2557,48.09493872
2558,48.22524092
2559,50.51889432
2560,50.47963965
2561,48.70313722
2562,50.31690469
2563,52.87178043
2564,55.33736148
2565,54.08681234
2566,55.77389337
2567,55.35294286
2568,55.56589106
2569,59.62493863
2570,55.03635664
2571,58.73383963
2572,57.15994503
2573,60.17553362
2574,62.22927531
2575,64.25620376
2576,66.59668079
2577,66.30914483
2578,64.30812243
2579,67.37222853
2580,64.23332452
2581,65.73114935
2582,65.48414435
2583,65.47664156
2584,64.66466943
2585,65.57813057
2586,65.42258779
2587,62.90876949
2588,67.05198403
2589,68.43033408
2590,67.61773771
2591,64.31286948
2592,62.87273845
2593,61.57744271
2594,63.03760206
2595,59.96792399
2596,58.52149633
2597,58.43201649
2598,56.18429937
2599,57.21425994
2600,53.99725402
2601,56.38710484
2602,55.47291324
2603,56.94236654
2604,56.21870927
2605,55.97774228
2606,59.97777053
2607,64.38215463
2608,62.94723544
2609,68.10192626
2610,65.99519741
2611,68.10404057
2612,68.75440153
2613,69.56906068
2614,68.99450431
2615,65.06164525
2616,69.6707967
2617,67.36831205
2618,68.59447188
2619,68.42466588
2620,68.34687248
2621,65.66410721
2622,63.41848597
2623,65.37537124
2624,62.2672238
2625,60.49245347
2626,64.1098253
2627,63.24886111
2628,61.93958658
2629,63.76899289
2630,64.68886496
2631,69.20062657
2632,69.48349011
2633,71.30696556
2634,69.97432514
2635,72.99922394
2636,76.16629238
2637,77.62392869
2638,76.55577749
2639,75.54465028
2640,70.61728961
2641,66.71865474
2642,67.31337032
2643,67.97353778
2644,67.67344797
2645,67.29635641
2646,68.80539833
2647,66.97624825
2648,63.57881258
2649,62.00588273
2650,59.55633643
2651,60.81680024
2652,62.41779737
2653,64.28793739
2654,60.42677992
2655,62.27117251
2656,59.19707939
2657,56.46776828
2658,56.04301472
2659,57.57011978
2660,56.14160658
2661,53.40532997
2662,52.18358783
2663,55.10347854
2664,57.54446078
2665,60.16933058
2666,60.59799004
2667,62.48366517
2668,66.32195807
2669,70.06574564
2670,65.62336524
2671,67.12416105
2672,67.85377755
2673,70.70080586
2674,73.2664701
2675,74.21837435
2676,71.192812
2677,73.02805898
2678,75.63128776
2679,75.86007646
2680,74.04830118
2681,76.02124802
2682,75.33428841
2683,72.47374407
2684,70.04301239
2685,66.04808588
2686,69.11966577
2687,67.09938707
2688,66.29574652
2689,69.94330906
2690,71.78025281
2691,70.10428413
2692,71.90215303
2693,73.50316512
2694,73.87385315
2695,75.84778162
2696,76.5338462
2697,79.61760356
2698,82.97638263
2699,82.46690682
2700,83.26920044
2701,85.32425423
2702,84.24496493
2703,84.25494065
2704,84.90701007
2705,87.84969238
2706,88.78817621
2707,88.07297084
2708,88.07634955
2709,90.43605233
2710,90.51816893
2711,94.44855698
2712,97.74529359
2713,101.2591074
2714,102.9528573
2715,104.8470106
2716,101.5436055
2717,104.5489598
2718,103.6150809
2719,102.9635072
2720,107.0117066
2721,104.5933642
2722,105.9092656
2723,107.9070355
2724,104.9925565
2725,106.2159123
2726,105.4523698
2727,103.4564817
2728,106.9334778
2729,103.1523973
2730,103.3372726
2731,105.8387719
2732,103.4763484
2733,103.5901779
2734,101.9634323
2735,102.2718684
2736,105.3546132
2737,103.7643045
2738,107.0214334
2739,104.5821474
2740,104.1410927
2741,104.566498
2742,104.6183369
2743,105.9628711
2744,103.4556781
2745,102.6382684
2746,100.8578775
2747,102.5240054
2748,105.9398175
2749,105.8446562
2750,106.1758581
2751,108.7664617
2752,110.7731791
2753,110.428422
2754,109.1482554
2755,111.5527903
2756,115.2533279
2757,114.7809249
2758,118.1546105
2759,115.0947227
2760,113.0973342
2761,115.2497247
2762,118.5037993
2763,116.7792546
2764,115.1492513
2765,117.6898347
2766,114.4885882
2767,115.4032494
2768,115.5852526
2769,111.1902892
2770,109.6995967
2771,110.7513721
2772,110.1286318
2773,109.753811
2774,108.3102799
2775,109.5866739
2776,108.7661211
2777,106.8696719
2778,108.6710809
2779,109.1417337
2780,111.1657999
2781,110.5989966
2782,114.4896925
2783,113.4789148
2784,114.8000663
2785,112.0616373
2786,116.6126417
2787,118.9113966
2788,118.9963241
2789,118.7385709
2790,122.1313512
2791,119.0632657
2792,123.3607173
2793,117.7040407
2794,121.3521102
2795,123.5911536
2796,125.2755911
2797,123.5055248
2798,127.8585358
2799,130.4291136
2800,127.5631709
2801,123.4688952
2802,122.2300266
2803,120.7225618
2804,119.9397175
2805,118.3504512
2806,115.9803388
2807,117.5001801
2808,117.0874617
2809,117.8292593
2810,117.6920597
2811,118.1115286
2812,117.1612083
2813,115.7503864
2814,112.2385456
2815,114.3440771
2816,118.6458025
2817,117.1887803
2818,116.2940292
2819,114.8337574
2820,114.5119385
2821,117.3182524
2822,116.6027694
2823,114.8395523
2824,112.8350161
2825,114.0212746
2826,112.5278828
2827,112.8708632
2828,112.2869645
2829,112.4958245
2830,113.4213196
2831,115.1787137
2832,114.1024542
2833,116.0932212
2834,115.831477
2835,111.8020581
2836,109.4097224
2837,108.4997535
2838,108.9094207
2839,109.8808136
2840,114.5900603
2841,110.3052734
2842,110.6741559
2843,115.0360126
2844,116.4747055
2845,113.9057445
2846,114.1598855
2847,112.7372025
2848,113.7185535
2849,115.5140845
2850,113.0172182
2851,109.9791755
2852,111.3139673
2853,108.2857037
2854,109.8076581
2855,108.83549
2856,108.6142209
2857,108.8068569
2858,109.7017297
2859,108.9479223
2860,111.1954415
2861,110.1832361
2862,107.9553893
2863,107.9131234
2864,110.1749157
2865,106.0987817
2866,107.201307
2867,101.8500651
2868,101.3434928
2869,101.5285109
2870,101.6741633
2871,101.2045001
2872,101.8762084
2873,104.4803832
2874,104.31116
2875,105.5750745
2876,104.9962579
2877,106.1890246
2878,107.5474651
2879,104.1857194
2880,103.2325856
2881,105.1597927
2882,107.335813
2883,106.249978
2884,108.8548654
2885,110.0906758
2886,111.9003862
2887,112.8073001
2888,113.4329827
2889,113.9423366
2890,112.3705755
2891,115.1966981
2892,115.7681073
2893,113.132809
2894,115.0325579
2895,114.2952783
2896,111.5606166
2897,108.7760861
2898,106.9368413
2899,104.2200771
2900,108.1369766
2901,112.3488692
2902,110.8098983
2903,110.1237158
2904,112.9225876
2905,112.2343911
2906,109.7375177
2907,110.8757978
2908,108.2431552
2909,106.1044479
2910,105.7882717
2911,107.1212686
2912,103.3524199
2913,104.5568988
2914,104.1825716
2915,102.9881545
2916,100.4591974
2917,102.4026203
2918,105.5371725
2919,106.4247923
2920,104.1238437
2921,101.3618191
2922,99.39956446
2923,101.5986019
2924,100.6192643
2925,100.6462305
2926,102.348381
2927,103.982062
2928,103.0448475
2929,105.2188093
2930,104.2228305
2931,106.0202986
2932,104.5983826
2933,107.1052692
2934,105.2390328
2935,106.0587184
2936,104.2449469
2937,104.1257409
2938,102.2784208
2939,101.7854244
2940,95.76914418
2941,97.23264499
2942,96.92002267
2943,96.91176777
2944,97.36754447
2945,98.42038297
2946,98.99840704
2947,99.91294905
2948,99.86502298
2949,100.0317928
2950,99.18004824
2951,97.87238962
2952,100.118498
2953,98.93492006
2954,98.48969778
2955,98.3063061
2956,94.17768697
2957,94.39707505
2958,95.55450902
2959,94.01450814
2960,94.51130287
2961,94.37882355
2962,95.85448064
2963,97.64066486
2964,96.26181808
2965,99.04682526
2966,97.74299884
2967,99.29172073
2968,102.2718556
2969,102.8092128
2970,102.4680461
2971,103.6941023
2972,105.1085709
2973,105.246127
2974,106.8967835
2975,107.6817896
2976,104.4386976
2977,105.8035696
2978,105.6648214
2979,107.1968965
2980,109.433981
2981,109.627467
2982,110.3618535
2983,109.7018553
2984,112.7853905
2985,111.8294165
2986,114.5774215
2987,111.7568818
2988,109.5110386
2989,110.0327871
2990,113.8873793
2991,110.6542165
2992,109.5244302
2993,110.3813445
2994,110.8375703
2995,109.7606448
2996,109.9729141
2997,112.1589027
2998,113.1836162
2999,115.4647728
3000,116.4285538
3001,118.5549888
3002,119.1520074
3003,117.5299645
3004,120.2363603
3005,116.4129197
3006,119.7684511
3007,120.3150368
3008,119.987256
3009,119.5283765
3010,121.5826146
3011,121.583839
3012,121.2028589
3013,122.4263914
3014,119.1073629
3015,116.0030899
3016,117.6830496
3017,117.7344419
3018,119.8825987
3019,123.6323862
3020,124.9145356
3021,126.6163757
3022,131.1611824
3023,127.8669791
3024,131.1666547
3025,131.2733558
3026,131.0539793
3027,134.5050121
3028,133.4216646
3029,131.0380072
3030,131.1804206
3031,134.392165
3032,134.5507522
3033,133.1119138
3034,133.5392829
3035,135.3332979
3036,135.2463049
3037,138.2946789
3038,139.1535021
3039,138.1225551
3040,134.645877
3041,134.6232141
3042,134.949519
3043,134.6261454
3044,131.389611
3045,134.4486225
3046,136.4391105
3047,136.7683534
3048,139.3152856
3049,136.9204365
3050,136.5433034
3051,134.6246803
3052,133.5388901
3053,130.5536649
3054,131.4113759
3055,134.9775179
3056,137.8403586
3057,138.7798015
3058,142.775783
3059,140.4646757
3060,138.6749905
3061,136.5498119
3062,137.0444683
3063,132.7655982
3064,131.2375384
3065,130.8075189
3066,129.2502092
3067,133.9420986
3068,131.6692484
3069,133.4684011
3070,136.3395312
3071,138.2674602
3072,140.21375
3073,141.1738775
3074,139.3188517
3075,136.3673662
3076,136.1355327
3077,132.0072524
3078,134.9754195
3079,134.3675095
3080,134.3112016
3081,135.2842567
3082,131.923393
3083,134.3015828
3084,137.2060211
3085,135.0404876
3086,134.6197685
3087,132.6846216
3088,129.1901473
3089,129.6304718
3090,127.7878072
3091,123.4777378
3092,123.9312008
3093,124.0465483
3094,125.3024864
3095,126.2500422
3096,125.013635
3097,123.4031775
3098,123.9448916
3099,126.0900508
3100,128.2850883
3101,131.5454942
3102,132.465918
3103,129.0598656
3104,129.3715322
3105,128.0702379
3106,129.785932
3107,130.3380829
3108,130.915042
3109,133.6959323
3110,136.68453
3111,139.3707038
3112,139.0589347
3113,141.4216607
3114,143.1255664
3115,144.3673224
3116,144.684039
3117,142.6154188
3118,144.6784046
3119,141.9618282
3120,139.4631697
3121,137.601704
3122,137.8969437
3123,137.5925385
3124,134.0567467
3125,132.70032
3126,134.4057094
3127,130.1730616
3128,131.0147969
3129,129.8939907
3130,132.0454434
3131,133.2436389
3132,135.7687841
3133,137.1100219
3134,138.6364331
3135,137.5095347
3136,137.3996069
3137,134.8762238
3138,135.648994
3139,136.1475869
3140,137.1531982
3141,137.7950439
3142,140.1633353
3143,139.9659335
3144,140.5676012
3145,142.6347853
3146,139.763867
3147,140.1774642
3148,143.7086261
3149,144.2908252
3150,147.2342639
3151,147.6187428
3152,148.0201094
3153,145.1741057
3154,143.2524398
3155,143.1189796
3156,144.8070906
3157,142.9915574
3158,145.0403894
3159,148.6498312
3160,148.3749906
3161,147.6058613
3162,143.1394318
3163,142.3012384
3164,143.3894086
3165,137.3501558
3166,139.8941156
3167,141.1599971
3168,141.3861836
3169,144.0984165
3170,148.1788322
3171,150.8520667
3172,151.7989585
3173,151.8840846
3174,153.6077243
3175,153.416736
3176,151.3280396
3177,152.3966177
3178,158.151984
3179,158.2704222
3180,158.4964937
3181,154.7916676
3182,155.232598
3183,153.8392056
3184,150.8257889
3185,151.7298983
3186,155.3594716
3187,153.0501795
3188,157.2423486
3189,155.7300936
3190,158.1234791
3191,159.8472069
3192,159.209016
3193,159.8112113
3194,160.229286
3195,162.5042247
3196,163.7975402
3197,166.0775998
3198,163.3426954
3199,165.0776382
3200,161.9013334
3201,157.7137376
3202,156.2838209
3203,156.6787726
3204,156.5670454
3205,154.9378457
3206,156.0627016
3207,153.6999275
3208,152.3178075
3209,150.537738
3210,147.2531875
3211,149.9887553
3212,150.5386884
3213,152.7386757
3214,153.7118827
3215,153.5611515
3216,152.7758494
3217,155.0932998
3218,155.3030078
3219,158.8481007
3220,156.9090046
3221,154.8252776
3222,156.4992025
3223,155.7805599
3224,155.6680585
3225,156.2024747
3226,153.7171053
3227,154.0932989
3228,151.8316688
3229,152.5173985
3230,153.6136587
3231,151.1710694
3232,153.9149671
3233,155.8231986
3234,153.5776355
3235,153.0874883
3236,154.1789562
3237,152.1790789
3238,153.7582415
3239,152.9502923
3240,155.043197
3241,152.9903456
3242,155.7718215
3243,156.9427808
3244,157.462323
3245,156.7575517
3246,156.732221
3247,158.2567305
3248,157.0684212
3249,160.1490974
3250,157.9243424
3251,157.3605526
3252,155.9597801
3253,157.9293765
3254,159.0394166
3255,159.7527952
3256,157.5148485
3257,160.7073398
3258,163.4045519
3259,165.5982329
3260,159.0690074
3261,162.5082056
3262,159.456696
3263,157.1863352
3264,155.423596
3265,154.5312553
3266,156.9999911
3267,159.8503287
3268,159.5730313
3269,161.4597541
3270,163.5919239
3271,160.4435585
3272,157.8067715
3273,157.6493501
3274,160.4159154
3275,159.9999983
3276,157.7195109
3277,160.5964291
3278,160.3536188
3279,163.481815
3280,164.5948341
3281,168.6367972
3282,167.8515826
3283,172.0128598
3284,172.9744
3285,170.8971085
3286,172.6963588
3287,170.1408093
3288,171.5377444
3289,171.9328404
3290,169.3712907
3291,171.6103207
3292,168.7468447
3293,169.0959099
3294,165.5228377
3295,163.2581409
3296,166.7390711
3297,163.9593685
3298,161.3517853
3299,163.1496549
3300,164.0971423
3301,165.9465609
3302,167.2076698
3303,166.2066071
3304,166.1219312
3305,166.0083566
3306,167.865505
3307,169.1287228
3308,170.6707581
3309,169.014682
3310,166.8437103
3311,167.3770092
3312,163.2708475
3313,166.013931
3314,160.9722359
3315,159.4577663
3316,157.6434246
3317,159.5106285
3318,158.258285
3319,158.4072088
3320,159.7081195
3321,160.9165215
3322,161.5948406
3323,159.9670329
3324,159.5761699
3325,161.6199014
3326,159.6299402
3327,161.0969872
3328,158.6870871
3329,158.7116143
3330,159.8490009
3331,160.8563373
3332,161.4447126
3333,159.4628365
3334,159.5138449
3335,163.6487691
3336,165.9388331
3337,164.439665
3338,166.9803044
3339,165.8873797
3340,164.2772937
3341,160.7740274
3342,158.8607873
3343,158.2934657
3344,159.614442
3345,159.4673591
3346,158.5392349
3347,155.7110397
3348,152.2187103
3349,150.4761709
3350,151.1926123
3351,150.1932113
3352,147.6059505
3353,145.1734089
3354,145.253324
3355,146.9823476
3356,144.4182929
3357,142.9390069
3358,143.5095911
3359,142.4461385
3360,144.8448865
3361,145.2179846
3362,148.269472
3363,150.2543388
3364,150.5683576
3365,150.2944522
3366,152.0646447
3367,154.8888775
3368,156.2571101
3369,153.1652854
3370,154.5076256
3371,156.9141159
3372,157.8070381
3373,157.2156223
3374,157.4636524
3375,159.331256
3376,157.7833189
3377,157.5263362
3378,157.743027
3379,154.7995235
3380,155.903957
3381,156.6691113
3382,156.9652491
3383,158.2158117
3384,162.9923636
3385,163.9655881
3386,162.5978514
3387,163.8208398
3388,163.9827177
3389,164.4429747
3390,163.2725305
3391,162.4834804
3392,162.0214529
3393,163.1632984
3394,162.3203949
3395,159.5747006
3396,157.7054544
3397,158.7761493
3398,161.0727435
3399,161.1358577
3400,160.9126795
3401,165.1874233
3402,169.1112066
3403,169.2989509
3404,170.9144315
3405,174.9965076
3406,178.3589523
3407,176.3460153
3408,179.0781423
3409,182.0856271
3410,180.7381306
3411,178.2796042
3412,180.0450948
3413,181.9222176
3414,179.6264911
3415,178.7856612
3416,178.4025708
3417,178.9062273
3418,181.5538835
3419,177.4054561
3420,177.2596408
3421,175.7357467
3422,174.6344802
3423,172.3772403
3424,174.3150666
3425,177.8165692
3426,176.3974887
3427,174.5203636
3428,173.8872752
3429,171.0699787
3430,172.7857691
3431,169.4737289
3432,171.1039498
3433,172.4142874
3434,172.709031
3435,171.4517058
3436,170.1846062
3437,173.4605178
3438,172.5485236
3439,170.9281533
3440,171.2891626
3441,174.1047473
3442,176.7458791
3443,179.0165228
3444,179.4625061
3445,182.3017455
3446,181.5034468
3447,180.3961778
3448,176.9690532
3449,175.4127932
3450,177.9353427
3451,174.9597304
3452,175.4457333
3453,174.137317
3454,170.2706322
3455,171.9284952
3456,172.0678248
3457,171.4646423
3458,174.6255354
3459,171.0623185
3460,171.9447398
3461,169.0464384
3462,170.1270079
3463,169.5839418
3464,172.3652646
3465,170.155262
3466,170.5698619
3467,171.860638
3468,172.430388
3469,173.3849178
3470,172.0664505
3471,170.7062005
3472,169.2598249
3473,166.7715576
3474,165.0589657
3475,166.2936097
3476,167.7880703
3477,170.7147188
3478,174.8718157
3479,172.1003936
3480,173.0159611
3481,170.2677635
3482,169.0436588
3483,169.7388362
3484,171.6057866
3485,171.7618334
3486,166.4524531
3487,165.6871489
3488,166.5000272
3489,165.6875031
3490,162.831701
3491,163.127241
3492,162.9966544
3493,165.3583605
3494,168.0586928
3495,165.4300469
3496,166.0028372
3497,165.6300428
3498,165.9798083
3499,169.6625724
3500,170.6811441
3501,172.9427746
3502,174.5980816
3503,172.0287619
3504,170.626455
3505,173.7197506
3506,176.6580853
3507,174.6585922
3508,175.3863245
3509,176.5411082
3510,177.2155157
3511,178.3010755
3512,176.9128543
3513,177.776029
3514,177.3326287
3515,179.0726783
3516,179.0675075
3517,179.1144537
3518,177.6107016
3519,177.8647066
3520,177.5544195
3521,181.0536587
3522,180.5801562
3523,179.9094982
3524,178.2131169
3525,180.8858753
3526,179.811116
3527,184.0342008
3528,185.3918086
3529,188.9200317
3530,188.7304662
3531,191.3437867
3532,189.8206306
3533,192.7257043
3534,191.0278443
3535,188.8535049
3536,185.1146056
3537,183.6003403
3538,185.156716
3539,181.6887362
3540,180.9760463
3541,180.2029713
3542,183.021482
3543,181.802168
3544,182.0293026
3545,180.3933678
3546,181.8173747
3547,181.9423182
3548,178.086973
3549,179.3739676
3550,179.5716845
3551,175.9689149
3552,174.6976023
3553,173.0410955
3554,174.1343553
3555,175.0242869
3556,177.1042737
3557,179.8421767
3558,181.9539701
3559,183.2783392
3560,181.5357271
3561,181.4405789
3562,180.6326064
3563,179.2362141
3564,177.6763002
3565,179.7020783
3566,180.5026664
3567,183.2456341
3568,183.1314023
3569,184.0176616
3570,183.432045
3571,183.2319432
3572,182.3690772
3573,183.9699147
3574,179.9094481
3575,176.4477905
3576,176.0812573
3577,174.2670291
3578,174.6969302
3579,171.3768063
3580,172.7411799
3581,174.8487469
3582,174.5919767
3583,174.6398054
3584,173.9029603
3585,169.9737604
3586,168.411075
3587,170.4981205
3588,168.1037307
3589,164.3694215
3590,163.2828873
3591,165.1068397
3592,163.0182471
3593,166.8871438
3594,164.2484564
3595,163.0671843
3596,165.7348348
3597,164.2163132
3598,162.2621155
3599,164.8614079
3600,169.2155111
3601,171.1740023
3602,171.902744
3603,173.1228582
3604,178.4230166
3605,180.1320186
3606,180.7427715
3607,180.5243207
3608,179.280636
3609,178.3222881
3610,180.8139339
3611,181.7224201
3612,183.2057287
3613,182.9490387
3614,184.6550611
3615,183.8742699
3616,181.5625399
3617,182.6022593
3618,182.8475531
3619,184.7802787
3620,184.5518669
3621,185.9413323
3622,187.163366
3623,183.5058533
3624,187.0556604
3625,188.3056783
3626,190.620723
3627,193.1395922
3628,193.6993197
3629,194.9077227
3630,198.4231074
3631,195.2349213
3632,196.9333988
3633,197.3175826
3634,197.0472559
3635,195.7406418
3636,197.5602353
3637,193.1767518
3638,191.4585511
3639,190.6698838
3640,189.2147038
3641,188.2839694
3642,188.7085698
3643,186.2996256
3644,184.5702712
3645,181.3629752
3646,182.801536
3647,183.7219951
3648,184.5200285
3649,183.4968118
3650,179.2493164
3651,177.3984888
3652,182.3939322
3653,182.2642638
3654,185.705889
3655,187.2940449
3656,187.8919316
3657,187.4090928
3658,186.1135812
3659,189.8080339
3660,190.7277914
3661,192.1117274
3662,195.1390482
3663,194.1464972
3664,190.2730309
3665,191.9277922
3666,192.6991422
3667,191.1376623
3668,185.5035334
3669,184.5822758
3670,182.7775779
3671,178.5173808
3672,174.4828902
3673,177.457109
3674,174.8483972
3675,174.9876939
3676,173.4281757
3677,170.9522495
3678,169.597056
3679,170.7976416
3680,167.4847741
3681,168.2208378
3682,167.3817068
3683,165.9389773
3684,167.3214359
3685,168.7329978
3686,168.3279801
3687,168.1057785
3688,169.3617066
3689,168.1873607
3690,166.0323361
3691,165.697359
3692,167.036965
3693,165.8659811
3694,167.6136898
3695,166.0804813
3696,168.9991054
3697,169.5011274
3698,169.9894578
3699,172.5405166
3700,173.1501321
3701,174.2171692
3702,171.0753433
3703,170.3097048
3704,172.5748935
3705,170.594409
3706,170.1649652
3707,168.872756
3708,169.3141914
3709,170.5640798
3710,167.2929441
3711,166.1654932
3712,164.1959956
3713,166.7469389
3714,170.1834561
3715,170.8651735
3716,173.4751398
3717,172.927826
3718,173.2570175
3719,171.2238298
3720,170.0214063
3721,168.6212439
3722,165.5887688
3723,162.9934254
3724,164.0456859
3725,162.0294592
3726,163.7484784
3727,166.3131795
3728,164.2535723
3729,163.3435823
3730,164.8717449
3731,167.7863128
3732,169.0081732
3733,167.3834695
3734,168.3255297
3735,169.5870594
3736,169.9130942
3737,167.0781815
3738,169.7522211
3739,169.6269317
3740,170.652239
3741,173.6870468
3742,174.6617835
3743,174.403892
3744,172.0080128
3745,171.930968
3746,171.0352483
3747,174.5178682
3748,174.3117605
3749,176.9427647
3750,176.9428445
3751,177.4207777
3752,182.2497175
3753,181.2159049
3754,178.0765705
3755,177.7349407
3756,177.0016555
3757,176.6657328
3758,177.3075938
3759,178.794674
3760,177.4665871
3761,174.1281698
3762,175.2528176
3763,174.946276
3764,178.8478499
3765,176.347637
3766,178.595096
3767,176.3804801
3768,173.9479461
3769,169.5655343
3770,168.9604448
3771,172.4226712
3772,172.5492116
3773,171.7281773
3774,174.4437042
3775,170.4588566
3776,170.7894407
3777,167.9217037
3778,164.7544564
3779,163.6227521
3780,163.56532
3781,164.0063673
3782,163.0335598
3783,157.8698246
3784,161.8489165
3785,163.420484
3786,159.9676168
3787,159.9416478
3788,162.9407723
3789,162.3400171
3790,162.9224515
3791,163.4001938
3792,165.352657
3793,164.4891532
3794,167.041975
3795,170.2453452
3796,170.6711039
3797,168.9933285
3798,169.5803853
3799,171.0070115
3800,170.5528959
3801,166.5563115
3802,169.7327127
3803,166.5114213
3804,164.5427152
3805,167.9217594
3806,166.9098415
3807,168.9269752
3808,168.6549792
3809,165.5768885
3810,168.5001331
3811,169.1188221
3812,169.87941
3813,172.8368297
3814,172.7616673
3815,171.6612436
3816,170.2200038
3817,171.7218114
3818,172.446976
3819,170.0679481
3820,169.9499433
3821,172.1826172
3822,172.6823354
3823,172.6352694
3824,173.8029747
3825,170.7032531
3826,171.8509925
3827,172.7381543
3828,172.7518627
3829,170.6903512
3830,171.7802711
3831,175.4117033
3832,177.6829305
3833,178.6808676
3834,182.0826548
3835,179.2408674
3836,182.2374387
3837,186.0401714
3838,189.8542128
3839,192.8479909
3840,195.8107891
3841,196.8608783
3842,197.1057568
3843,195.0695178
3844,194.068444
3845,197.5963467
3846,198.6756014
3847,202.1260061
3848,198.7656982
3849,198.8901191
3850,199.650754
3851,199.2225358
3852,200.1668827
3853,200.3284782
3854,199.1415543
3855,200.6985117
3856,199.8544968
3857,198.6417267
3858,198.9545283
3859,199.8398905
3860,204.2982931
3861,206.8163134
3862,207.6636089
3863,206.8778914
3864,204.8634395
3865,205.1673417
3866,202.5587809
3867,203.2314937
3868,204.9649762
3869,206.1791179
3870,205.7970508
3871,205.8563615
3872,205.6953195
3873,206.8418495
3874,205.1055881
3875,207.043771
3876,207.2818266
3877,204.5591659
3878,202.6762367
3879,203.431688
3880,204.8859541
3881,203.2561246
3882,198.9255821
3883,202.7207475
3884,199.7340759
3885,196.7940531
3886,194.7934487
3887,196.1361643
3888,199.8390237
3889,201.7505874
3890,204.1094524
3891,206.0287151
3892,204.8714101
3893,203.831965
3894,199.4157018
3895,200.5452134
3896,200.7895546
3897,208.2319731
3898,207.9243141
3899,210.0672617
3900,210.713202
3901,215.3025144
3902,214.76977
3903,214.2049844
3904,213.5917848
3905,211.6062187
3906,213.0603998
3907,213.1653451
3908,213.0491433
3909,215.5539518
3910,214.0763764
3911,215.9930147
3912,218.9419737
3913,215.5047814
3914,215.2195655
3915,215.868731
3916,216.0131022
3917,215.0110445
3918,216.2013777
3919,213.8070341
3920,216.5526463
3921,216.9456009
3922,217.6490573
3923,217.4487691
3924,220
3925,216.3128751
3926,215.8528186
3927,212.7466975
3928,213.6269425
3929,213.1204765
3930,211.7067829
3931,208.4911202
3932,210.9644434
3933,210.5555383
3934,208.5372907
3935,212.9745821
3936,214.406385
3937,213.4163341
3938,210.4858861
3939,212.2379069
3940,212.9286494
3941,211.0793057
3942,214.5684528
3943,215.8006399
3944,214.3669014
3945,212.4368686
3946,213.5288636
3947,212.5809329
3948,211.9077316
3949,212.4449466
3950,209.785491
3951,207.3623704
3952,203.7464375
3953,202.857337
3954,201.7989748
3955,201.7065092
3956,204.5240263
3957,202.4429521
3958,203.5797723
3959,203.4260369
3960,202.1366323
3961,203.0133039
3962,205.4104874
3963,203.8757938
3964,202.5265477
3965,202.5761115
3966,201.0789711
3967,202.720516
3968,202.1096268
3969,198.2900942
3970,196.8689394
3971,193.2493725
3972,189.2308118
3973,187.0546443
3974,184.8132649
3975,181.984672
3976,179.4190965
3977,177.9340792
3978,175.3437686
3979,173.944376
3980,171.8655948
3981,173.623903
3982,173.4404986
3983,173.1984297
3984,173.632432
3985,173.3887052
3986,172.2420856
3987,173.0952537
3988,174.017195
3989,174.2012443
3990,175.7139166
3991,175.258227
3992,175.6713309
3993,177.1211382
3994,174.5952792
3995,176.4163877
3996,177.0949495
3997,174.4755043
3998,171.9457233
3999,174.2095137
4000,172.5579716
4001,173.4186838
4002,172.3064684
4003,173.1881202
4004,176.3903412
4005,176.4296949
4006,174.6422916
4007,171.0210714
4008,172.0045818
4009,167.9694476
4010,167.5874379
4011,170.2475309
4012,169.9225232
4013,168.460149
4014,168.6410463
4015,168.9417038
4016,169.7400644
4017,170.3961296
4018,169.0748276
4019,169.804211
4020,170.3593033
4021,167.8076325
4022,166.6463936
4023,167.1763892
4024,164.4111354
4025,164.1539714
4026,166.4437107
4027,167.8900566
4028,167.8999446
4029,165.3031937
4030,164.2332123
4031,163.5957298
4032,165.2984626
4033,167.6190571
4034,170.6085046
4035,170.0086379
4036,170.4848595
4037,171.5319739
4038,170.6437495
4039,167.5747502
4040,165.5748143
4041,167.0089918
4042,168.9221217
4043,167.4493708
4044,169.3786157
4045,167.7361127
4046,166.6294728
4047,167.4418446
4048,165.4267336
4049,163.0534732
4050,164.4347302
4051,168.1449998
4052,170.4870425
4053,170.9769096
4054,170.6734223
4055,172.4522417
4056,171.6909261
4057,172.801998
4058,173.8033324
4059,170.5912371
4060,166.847445
4061,166.0835555
4062,168.0780628
4063,167.8259877
4064,165.1969533
4065,168.4514339
4066,165.6239011
4067,167.3869508
4068,165.5953209
4069,164.8519774
4070,162.0569542
4071,160.6867547
4072,162.4466778
4073,161.2874441
4074,159.9006658
4075,158.9137445
4076,160.7083741
4077,166.0711611
4078,163.6027443
4079,158.6059619
4080,161.0085415
4081,159.7831582
4082,159.8750782
4083,158.7982223
4084,157.3806193
4085,160.5864373
4086,164.0028848
4087,163.4207826
4088,163.6969465
4089,165.0437911
4090,166.6978754
4091,164.8517263
4092,163.9997261
4093,163.9938605
4094,165.0821543
4095,167.4597635
4096,164.6704233
4097,162.9426446
4098,164.3350272
4099,163.6041473
4100,162.682819
4101,167.2762645
4102,165.0754422
4103,164.1489677
4104,169.2006661
4105,166.8135793
4106,165.5262999
4107,162.5975979
4108,161.2153568
4109,158.5346134
4110,161.6167924
4111,160.3327809
4112,157.4183593
4113,157.1782779
4114,158.9546802
4115,161.895336
4116,161.672978
4117,160.722521
4118,160.3812072
4119,158.2378115
4120,154.836088
4121,153.2675814
4122,156.622793
4123,156.8124254
4124,154.6614238
4125,154.235139
4126,155.0916981
4127,155.8920921
4128,158.0702267
4129,159.4179619
4130,156.7778056
4131,156.9348104
4132,155.640419
4133,154.7902386
4134,150.6868142
4135,148.5420823
4136,144.8714993
4137,142.6420202
4138,145.0157789
4139,142.9945539
4140,143.8873013
4141,142.6382966
4142,146.1925513
4143,143.3525597
4144,145.61715
4145,144.2395906
4146,146.9767569
4147,148.1305536
4148,150.3489975
4149,150.5028886
4150,151.0281654
4151,152.8988012
4152,148.5501084
4153,148.102122
4154,149.5397024
4155,149.1716179
4156,150.5398632
4157,153.3715895
4158,151.9130477
4159,150.6558112
4160,151.5728759
4161,149.4222901
4162,147.7858897
4163,149.3544926
4164,149.0812689
4165,147.4759977
4166,151.3438294
4167,149.2068241
4168,145.8378494
4169,147.1156911
4170,147.545442
4171,144.0242455
4172,142.7279607
4173,143.1642331
4174,140.7176542
4175,139.4428412
4176,135.6282555
4177,131.4998577
4178,131.0042399
4179,129.6025424
4180,126.6259586
4181,122.4098149
4182,123.1836173
4183,125.3340623
4184,127.0090784
4185,129.1050336
4186,129.2359157
4187,129.3395817
4188,129.0428461
4189,134.6245691
4190,137.730497
4191,140.1238523
4192,138.7307161
4193,140.648451
4194,136.9108163
4195,135.6414421
4196,137.2545579
4197,137.3989106
4198,138.0938214
4199,141.8813045
4200,143.1986615
4201,144.8116869
4202,143.6963333
4203,144.4159345
4204,140.5801103
4205,140.2647511
4206,140.5234479
4207,142.5041093
4208,141.4000581
4209,141.8829994
4210,140.0341151
4211,143.7651536
4212,144.8406862
4213,141.6538666
4214,143.5737236
4215,142.3757358
4216,143.3956847
4217,145.1252023
4218,144.8917504
4219,144.5302147
4220,144.5349323
4221,145.128886
4222,144.6000336
4223,147.9188693
4224,151.8126628
4225,154.9083905
4226,155.9262377
4227,152.0998182
4228,152.7097719
4229,153.2679852
4230,153.7619405
4231,156.6549667
4232,157.660608
4233,161.4271605
4234,159.1459987
4235,163.6314063
4236,163.3093356
4237,167.5220237
4238,168.3294656
4239,167.4335283
4240,167.4797893
4241,167.2448602
4242,167.0928317
4243,172.2082466
4244,171.4282753
4245,171.012802
4246,171.8096531
4247,171.1190383
4248,169.0411266
4249,170.7214476
4250,169.4783904
4251,170.4537234
4252,169.0426575
4253,169.9833704
4254,170.9174035
4255,174.0445529
4256,175.8145517
4257,177.843034
4258,174.142697
4259,176.2862144
4260,178.5908054
4261,176.4851146
4262,181.1307123
4263,176.1776233
4264,175.8529121
4265,178.4321424
4266,177.7418342
4267,176.5013326
4268,175.8247222
4269,178.6379178
4270,176.0389867
4271,177.9953829
4272,179.2251867
4273,176.0722817
4274,178.6580853
4275,176.3023902
4276,172.540985
4277,173.2350161
4278,173.5378446
4279,176.5924335
4280,175.3172678
4281,175.8930796
4282,173.3834927
4283,176.205715
4284,178.9759146
4285,178.0061949
4286,177.7978586
4287,177.3363416
4288,176.7007586
4289,176.0770608
4290,178.0443905
4291,176.1473976
4292,173.3103178
4293,172.8495019
4294,172.8910578
4295,177.6098639
4296,179.2876376
4297,175.9396665
4298,173.6598123
4299,174.7468351
4300,176.8736651
4301,174.0357533
4302,175.3665992
4303,173.0508575
4304,172.2968149
4305,170.0050839
4306,169.7956852
4307,167.9957486
4308,169.0507577
4309,166.6530735
4310,167.3475568
4311,170.637385
4312,171.6617555
4313,171.4597791
4314,169.258049
4315,170.8457224
4316,167.3276464
4317,168.2702764
4318,171.0825745
4319,171.730351
4320,170.8149859
4321,166.1563358
4322,166.9624691
4323,167.1679149
4324,164.4842057
4325,163.2137563
4326,163.7833144
4327,163.863557
4328,163.7224302
4329,164.7587167
4330,162.7595364
4331,164.7863283
4332,163.0846089
4333,165.9296419
4334,165.6738242
4335,165.0584448
4336,162.7605731
4337,164.4591565
4338,165.8010906
4339,164.5482604
4340,164.9182111
4341,164.4291316
4342,166.6324014
4343,164.5900126
4344,163.9495632
4345,161.4334136
4346,165.0714172
4347,165.0730207
4348,164.0141465
4349,162.1871139
4350,161.9648635
4351,164.0618342
4352,162.9152548
4353,165.9915075
4354,169.6455116
4355,169.2654177
4356,169.1895467
4357,169.5204415
4358,168.7638645
4359,167.1635226
4360,169.573061
4361,168.0349563
4362,168.7365001
4363,168.9269268
4364,170.6444358
4365,169.6550654
4366,169.8873202
4367,171.207588
4368,175.8158171
4369,176.6473259
4370,181.1617919
4371,178.1881332
4372,177.4615369
4373,177.9998305
4374,181.1915832
4375,178.9655838
4376,180.9094446
4377,178.4239729
4378,181.341147
4379,181.8595346
4380,182.8886562
4381,179.8829802
4382,179.3625157
4383,179.2895603
4384,179.9044845
4385,178.3877343
4386,179.4083387
4387,178.937597
4388,180.3275078
4389,180.7264319
4390,180.7311558
4391,179.5743495
4392,179.7434089
4393,179.6537827
4394,177.6578448
4395,176.7480166
4396,175.0457793
4397,176.1799518
4398,172.8661083
4399,168.2260645
4400,170.9635021
4401,172.8356096
4402,175.6997375
4403,176.5471768
4404,176.9796908
4405,178.4954029
4406,181.287553
4407,179.4331683
4408,182.1463899
4409,182.136891
4410,183.3996274
4411,184.7998978
4412,188.1525113
4413,186.9593155
4414,188.0827977
4415,184.5475322
4416,183.2373189
4417,182.0016139
4418,181.4295305
4419,178.698879
4420,182.7412576
4421,184.2666313
4422,184.1355205
4423,185.6172411
4424,186.6515181
4425,192.3485099
4426,192.4237176
4427,194.0043521
4428,195.341674
4429,198.2796767
4430,198.2779633
4431,192.3877485
4432,191.850149
4433,193.3981144
4434,192.9295779
4435,195.7609019
4436,197.6374764
4437,196.9700768
4438,200.1330109
4439,201.3438952
4440,201.5994952
4441,197.2964159
4442,196.779707
4443,194.9009888
4444,194.337539
4445,192.7139748
4446,195.3154052
4447,196.5969279
4448,196.9179339
4449,195.0755135
4450,193.5403329
4451,189.1289665
4452,190.4198205
4453,186.889591
4454,186.3761346
4455,185.5312875
4456,188.5621039
4457,189.4518138
4458,187.1283209
4459,186.065874
4460,186.2676063
4461,185.1815042
4462,185.5849088
4463,183.2406972
4464,185.3569524
4465,182.1365666
4466,181.7385137
4467,183.6181565
4468,185.0835012
4469,183.8316756
4470,182.8191998
4471,181.399747
4472,183.8212963
4473,185.4738728
4474,183.9570224
4475,182.8308189
4476,187.2398767
4477,188.7458368
4478,191.6826119
4479,192.6678849
4480,194.0863747
4481,191.8978227
4482,197.1169959
4483,195.9924896
4484,196.6929247
4485,192.7000987
4486,197.1781008
4487,195.4263758
4488,198.0529265
4489,200.8477836
4490,201.6566812
4491,201.1634436
4492,201.7595527
4493,198.7622654
4494,199.0099249
4495,197.2658632
4496,196.5408149
4497,195.6537492
4498,198.1202321
4499,194.2704661
4500,191.8832534
4501,189.88879
4502,187.1308544
4503,189.282727
4504,192.5758641
4505,196.1073648
4506,194.0907208
4507,193.0245263
4508,192.1897475
4509,194.631119
4510,191.8029258
4511,196.0503019
4512,195.9396522
4513,195.8683491
4514,199.1864336
4515,198.4849113
4516,198.4437813
4517,196.7286571
4518,195.7482671
4519,194.867453
4520,193.1067904
4521,191.5399178
4522,191.8471133
4523,189.6530961
4524,190.7792878
4525,192.3182282
4526,188.0416205
4527,189.14682
4528,186.9094329
4529,187.533576
4530,190.327216
4531,189.4948813
4532,190.1050219
4533,191.6723098
4534,188.5476829
4535,187.0383022
4536,189.9450786
4537,191.2187301
4538,189.7921194
4539,188.5274209
4540,185.5464887
4541,182.8332612
4542,184.884509
4543,182.5882467
4544,185.4556139
4545,186.3134762
4546,185.308502
4547,186.967555
4548,182.930698
4549,182.5506364
4550,182.3342887
4551,183.2106807
4552,186.1615118
4553,189.2180269
4554,190.0213876
4555,190.9114732
4556,188.3525507
4557,185.0429085
4558,182.5811486
4559,178.6461619
4560,178.1689011
4561,180.2688471
4562,182.618773
4563,179.67573
4564,179.3819826
4565,177.9567153
4566,179.5590962
4567,177.8314777
4568,175.8897069
4569,176.96003
4570,179.1074124
4571,183.5808141
4572,183.9858356
4573,188.0565612
4574,184.9327275
4575,184.3201033
4576,185.1757803
4577,181.1651144
4578,181.9120217
4579,179.9639124
4580,179.8809375
4581,177.7508138
4582,175.0459663
4583,172.4955081
4584,170.6559543
4585,174.7681575
4586,172.2589306
4587,173.2516946
4588,176.0357689
4589,178.1383471
4590,180.7707569
4591,182.2971722
4592,185.7396251
4593,188.0992653
4594,184.086673
4595,183.0269326
4596,185.7133319
4597,183.772287
4598,185.4682615
4599,183.0395363
4600,182.470888
4601,181.6421019
4602,177.8216533
4603,180.3349875
4604,175.0791402
4605,175.5813721
4606,175.9342635
4607,174.0035211
4608,172.7138621
4609,171.8162058
4610,168.3931615
4611,168.5925446
4612,166.1504057
4613,164.5005748
4614,166.0121095
4615,167.8857522
4616,166.4356385
4617,167.2983252
4618,166.3090536
4619,168.516854
4620,165.8588226
4621,168.0067213
4622,168.2954237
4623,170.8642477
4624,170.7624148
4625,169.5154503
4626,169.6115982
4627,166.8865417
4628,165.8623937
4629,168.7879081
4630,174.4889307
4631,174.4615573
4632,171.1932025
4633,168.5319518
4634,170.4572095
4635,171.6402234
4636,170.2059215
4637,167.253824
4638,171.1164898
4639,173.3757694
4640,170.7034826
4641,170.7127808
4642,172.6812363
4643,174.2536561
4644,174.000839
4645,173.3186406
4646,171.4145205
4647,172.1014877
4648,170.3547867
4649,168.019691
4650,166.3177839
4651,167.8483934
4652,164.9903906
4653,164.4342492
4654,162.370588
4655,159.596983
4656,160.5733662
4657,159.4323192
4658,158.0515105
4659,160.1930098
4660,163.0516379
4661,166.5225364
4662,168.4582882
4663,168.3537784
4664,166.4426856
4665,166.4361827
4666,170.4972455
4667,174.9958287
4668,174.4692492
4669,174.2561092
4670,173.1281406
4671,175.1852185
4672,171.2738371
4673,172.6683578
4674,172.8473237
4675,171.7651531
4676,170.1695376
4677,171.5953112
4678,174.4814687
4679,173.4040497
4680,171.4962262
4681,172.5142144
4682,170.9632552
4683,169.9568552
4684,171.5263287
4685,172.4235847
4686,170.9727058
4687,169.5241262
4688,168.6993614
4689,170.7317051
4690,171.5873297
4691,173.617551
4692,171.0269303
4693,170.3600582
4694,170.0355881
4695,170.6873281
4696,173.1617973
4697,172.2430246
4698,171.4574222
4699,173.0138733
4700,172.0857331
4701,170.4000005
4702,167.9374711
4703,164.9807324
4704,162.8951142
4705,161.1165382
4706,164.9103486
4707,167.5155929
4708,166.3526373
4709,163.7414826
4710,163.7374758
4711,162.0519618
4712,165.9294315
4713,165.9579113
4714,163.3227164
4715,163.5527052
4716,159.8150026
4717,159.909804
4718,161.5710842
4719,162.0044669
4720,154.6914849
4721,154.8033295
4722,153.7731857
4723,153.1546243
4724,151.695777
4725,156.3900787
4726,156.3854971
4727,154.1197855
4728,154.5684336
4729,158.3371708
4730,157.6205794
4731,159.4138682
4732,157.7105683
4733,155.6878688
4734,157.7260604
4735,159.5173614
4736,158.7002873
4737,157.4037121
4738,156.5268266
4739,158.1732726
4740,158.6861253
4741,160.1980025
4742,160.628094
4743,157.9471105
4744,158.9467703
4745,160.2727886
4746,158.8199808
4747,161.7057635
4748,159.4492985
4749,161.2515802
4750,159.9234606
4751,157.5011047
4752,156.1062955
4753,159.1220973
4754,160.9087999
4755,162.7558536
4756,163.1995855
4757,167.6702472
4758,168.1997704
4759,164.1824837
4760,166.9836455
4761,168.3165999
4762,166.3544119
4763,164.0270368
4764,168.3514137
4765,167.3795223
4766,169.7132181
4767,168.4522412
4768,170.3647478
4769,170.9650174
4770,169.0814156
4771,168.3933353
4772,171.206349
4773,170.4484561
4774,169.1052059
4775,168.3082386
4776,166.2441009
4777,167.7811127
4778,166.0769397
4779,163.6803942
4780,166.9769641
4781,166.3561637
4782,171.4171544
4783,174.2441839
4784,173.0726679
4785,174.2409585
4786,172.4813015
4787,171.5655728
4788,168.5698638
4789,170.1239411
4790,171.4474051
4791,168.8308092
4792,166.0046983
4793,168.8941339
4794,167.8451838
4795,167.0589468
4796,166.7540273
4797,164.9190589
4798,163.4920728
4799,163.7382721
4800,164.182722
4801,161.7708706
4802,159.5188937
4803,162.7795533
4804,163.2197044
4805,162.6235524
4806,165.6446538
4807,165.3719565
4808,166.2055883
4809,168.2913558
4810,169.7305585
4811,172.9609371
4812,172.5075308
4813,174.3821635
4814,174.3199836
4815,173.0453522
4816,169.771473
4817,170.4025497
4818,166.7343623
4819,164.9046589
4820,167.8050314
4821,166.2936514
4822,166.3263664
4823,165.3288506
4824,166.2277052
4825,167.8655076
4826,167.0705634
4827,165.7743613
4828,164.4954175
4829,164.8431939
4830,165.6970476
4831,167.5921032
4832,167.9361399
4833,164.2109019
4834,159.1407454
4835,160.7613317
4836,163.6126215
4837,161.3238142
4838,164.3681328
4839,165.9638156
4840,164.2124176
4841,163.8451632
4842,161.5383851
4843,159.600796
4844,162.1158205
4845,160.562691
4846,161.9311735
4847,161.4701199
4848,160.9111685
4849,162.3424737
4850,162.1538728
4851,160.1622214
4852,162.0932923
4853,159.2076388
4854,159.2670317
4855,158.1987875
4856,162.6900104
4857,164.7866056
4858,164.4301997
4859,163.0273862
4860,163.1086051
4861,162.9651724
4862,161.7759779
4863,161.0803268
4864,165.1909823
4865,165.4553748
4866,162.5576577
4867,160.6957834
4868,163.4382426
4869,162.7679386
4870,162.9250162
4871,165.5701247
4872,165.267128
4873,162.4997613
4874,163.8317515
4875,164.5042179
4876,164.3383626
4877,163.2637543
4878,164.4165761
4879,165.5502034
4880,166.8720369
4881,167.188842
4882,168.5577806
4883,169.3016793
4884,168.6102346
4885,163.5614348
4886,163.8288296
4887,163.6974091
4888,166.6358269
4889,165.2640284
4890,162.7598119
4891,163.3791615
4892,163.6184092
4893,164.7356346
4894,166.2237659
4895,167.6745624
4896,166.9999533
4897,169.3630891
4898,165.8470865
4899,166.3796197
4900,165.7580213
4901,167.8666748
4902,165.9257938
4903,164.4431133
4904,159.8073185
4905,157.8348751
4906,158.0082442
4907,161.6365182
4908,164.2248719
4909,160.7080071
4910,161.0986278
4911,160.6830161
4912,162.0123986
4913,160.4688458
4914,163.4106704
4915,164.0248075
4916,166.0519339
4917,167.6607768
4918,168.4715199
4919,169.7885876
4920,168.2599769
4921,169.131286
4922,169.6459527
4923,172.3780542
4924,173.5848202
4925,173.5809924
4926,175.0885925
4927,177.6360499
4928,181.1803883
4929,184.9069109
4930,182.9571879
4931,179.9646849
4932,180.9905632
4933,177.705501
4934,178.8840015
4935,176.8636523
4936,176.4532929
4937,174.6373332
4938,175.0384801
4939,175.4518089
4940,175.7335948
4941,172.5504583
4942,174.3976226
4943,172.6988283
4944,175.7753477
4945,175.1667304
4946,176.8551574
4947,174.5140593
4948,173.2305578
4949,175.1084841
4950,177.413175
4951,173.5358058
4952,173.183897
4953,172.0580166
4954,174.0745657
4955,174.0886494
4956,174.7300449
4957,170.4587128
4958,171.0268164
4959,167.5635462
4960,169.8859604
4961,168.3274629
4962,171.7752517
4963,172.0880863
4964,173.6861757
4965,172.6344482
4966,171.2211658
4967,170.613304
4968,166.4194676
4969,167.5816577
4970,170.6103707
4971,170.2289156
4972,170.7340002
4973,169.8478016
4974,172.1208773
4975,175.6479691
4976,173.1448848
4977,173.4410665
4978,171.14479
4979,170.4996961
4980,170.8438098
4981,167.4712937
4982,166.7209551
4983,171.7504948
4984,172.9893249
4985,171.8642921
4986,169.3164948
4987,168.5484536
4988,171.500015
4989,173.4573155
4990,177.5846418
4991,175.5867609
4992,173.685047
4993,175.5393626
4994,174.733674
4995,173.571077
4996,173.1427901
4997,172.1075397
4998,170.0382379
4999,170.6692244
5000,169.2122857
